,client,product,quantity,price,date
0,Blockbuster,Enriched Uranium,55,393.669438570609,2024-01-01 00:00:00.000000000
1,Blockbuster,Fake Promises,15,355.4718773389871,2024-01-01 08:46:07.567567567
2,Grandma's Cookies,Dirt,2,545.1828361780518,2024-01-01 17:32:15.135135135
3,The President of the United States,Jet Engine,81,618.5696371067073,2024-01-02 02:18:22.702702702
4,VolksWagen,Dirt,60,931.3107859242859,2024-01-02 11:04:30.270270270
5,Grandma's Cookies,Dirt,98,614.1483291420313,2024-01-02 19:50:37.837837837
6,Blockbuster,Enriched Uranium,88,86.20913242678874,2024-01-03 04:36:45.405405405
7,Carl,Enriched Uranium,56,25.12507855163859,2024-01-03 13:22:52.972972972
8,Grandma's Cookies,Cookies,18,20.68557513129454,2024-01-03 22:09:00.540540540
9,The President of the United States,Cookies,35,104.7497045760668,2024-01-04 06:55:08.108108108
10,Grandma's Cookies,Enriched Uranium,28,292.5587064106185,2024-01-04 15:41:15.675675675
11,Grandma's Cookies,Dirt,33,787.1305765993263,2024-01-05 00:27:23.243243243
12,VolksWagen,Fake Promises,96,660.8546136343815,2024-01-05 09:13:30.810810810
13,Blockbuster,Enriched Uranium,85,893.9413712574677,2024-01-05 17:59:38.378378378
14,The President of the United States,Cookies,8,281.88718080570675,2024-01-06 02:45:45.945945945
15,Grandma's Cookies,Dirt,84,607.8366848266581,2024-01-06 11:31:53.513513513
16,The President of the United States,Cookies,69,675.3106116390072,2024-01-06 20:18:01.081081081
17,The President of the United States,Enriched Uranium,84,534.719810452778,2024-01-07 05:04:08.648648648
18,Blockbuster,Jet Engine,70,611.463287127023,2024-01-07 13:50:16.216216216
19,VolksWagen,Dirt,93,987.1665437492424,2024-01-07 22:36:23.783783783
20,The President of the United States,Dirt,76,916.770775060256,2024-01-08 07:22:31.351351351
21,VolksWagen,Cookies,15,166.1618100484692,2024-01-08 16:08:38.918918918
22,The President of the United States,Enriched Uranium,24,450.28770209224,2024-01-09 00:54:46.486486486
23,Blockbuster,Dirt,82,339.6020920545292,2024-01-09 09:40:54.054054054
24,Carl,Jet Engine,53,383.58054332204307,2024-01-09 18:27:01.621621621
25,Grandma's Cookies,Dirt,2,821.2264183187328,2024-01-10 03:13:09.189189189
26,The President of the United States,Fake Promises,55,797.7285349587311,2024-01-10 11:59:16.756756756
27,Carl,Enriched Uranium,35,529.6061467790703,2024-01-10 20:45:24.324324324
28,The President of the United States,Enriched Uranium,66,595.3124435911703,2024-01-11 05:31:31.891891891
29,Blockbuster,Jet Engine,27,784.958956315958,2024-01-11 14:17:39.459459459
30,The President of the United States,Dirt,49,936.766387769683,2024-01-11 23:03:47.027027027
31,Carl,Cookies,47,682.539358376097,2024-01-12 07:49:54.594594594
32,VolksWagen,Dirt,57,748.4395168292223,2024-01-12 16:36:02.162162162
33,Carl,Fake Promises,32,505.5454726107086,2024-01-13 01:22:09.729729729
34,Grandma's Cookies,Jet Engine,31,70.10540748769256,2024-01-13 10:08:17.297297297
35,Blockbuster,Cookies,34,6.709610232633612,2024-01-13 18:54:24.864864864
36,Grandma's Cookies,Cookies,14,339.4607999489445,2024-01-14 03:40:32.432432432
37,Grandma's Cookies,Fake Promises,14,323.08285897958353,2024-01-14 12:26:40.000000000
38,Blockbuster,Fake Promises,94,630.9713160224059,2024-01-14 21:12:47.567567567
39,Blockbuster,Dirt,16,351.2213976901035,2024-01-15 05:58:55.135135135
40,VolksWagen,Fake Promises,10,242.6111663605538,2024-01-15 14:45:02.702702702
41,The President of the United States,Cookies,2,29.275399059227823,2024-01-15 23:31:10.270270270
42,Carl,Cookies,85,300.60918427251704,2024-01-16 08:17:17.837837837
43,Carl,Dirt,82,262.7864851829598,2024-01-16 17:03:25.405405405
44,VolksWagen,Dirt,36,904.8358995540772,2024-01-17 01:49:32.972972973
45,Blockbuster,Cookies,5,617.5271076786536,2024-01-17 10:35:40.540540540
46,Blockbuster,Fake Promises,58,677.881136522037,2024-01-17 19:21:48.108108108
47,Grandma's Cookies,Enriched Uranium,66,367.12372228296533,2024-01-18 04:07:55.675675675
48,The President of the United States,Cookies,99,766.9436265461507,2024-01-18 12:54:03.243243243
49,The President of the United States,Fake Promises,35,418.12725048256704,2024-01-18 21:40:10.810810810
50,The President of the United States,Enriched Uranium,66,675.761309416036,2024-01-19 06:26:18.378378378
51,VolksWagen,Fake Promises,41,586.1838511168318,2024-01-19 15:12:25.945945946
52,Blockbuster,Jet Engine,47,721.9961223754349,2024-01-19 23:58:33.513513513
53,Blockbuster,Jet Engine,5,253.3728658288422,2024-01-20 08:44:41.081081081
54,Blockbuster,Cookies,4,274.304265966325,2024-01-20 17:30:48.648648648
55,Grandma's Cookies,Enriched Uranium,81,115.80019470977676,2024-01-21 02:16:56.216216216
56,The President of the United States,Fake Promises,79,758.4598710047699,2024-01-21 11:03:03.783783783
57,VolksWagen,Cookies,16,348.69981544044924,2024-01-21 19:49:11.351351351
58,VolksWagen,Enriched Uranium,20,48.52762710430403,2024-01-22 04:35:18.918918918
59,Carl,Fake Promises,81,145.35682256591286,2024-01-22 13:21:26.486486486
60,Blockbuster,Jet Engine,4,747.641044642589,2024-01-22 22:07:34.054054054
61,VolksWagen,Fake Promises,68,443.8299047902694,2024-01-23 06:53:41.621621621
62,Carl,Jet Engine,86,745.0602983210075,2024-01-23 15:39:49.189189189
63,Blockbuster,Enriched Uranium,33,559.7357004796904,2024-01-24 00:25:56.756756756
64,Grandma's Cookies,Cookies,76,211.33716255460988,2024-01-24 09:12:04.324324324
65,Blockbuster,Jet Engine,40,396.5284747193335,2024-01-24 17:58:11.891891891
66,Grandma's Cookies,Jet Engine,38,659.2519758007812,2024-01-25 02:44:19.459459459
67,Blockbuster,Enriched Uranium,87,357.13381248305797,2024-01-25 11:30:27.027027027
68,VolksWagen,Enriched Uranium,61,800.559535271294,2024-01-25 20:16:34.594594594
69,Blockbuster,Cookies,1,359.2173745571421,2024-01-26 05:02:42.162162162
70,Grandma's Cookies,Dirt,85,886.6965012874475,2024-01-26 13:48:49.729729729
71,VolksWagen,Dirt,92,376.70037863800263,2024-01-26 22:34:57.297297297
72,VolksWagen,Cookies,56,555.847179412843,2024-01-27 07:21:04.864864865
73,Grandma's Cookies,Dirt,37,875.8644670503113,2024-01-27 16:07:12.432432432
74,Blockbuster,Jet Engine,8,971.6221600348155,2024-01-28 00:53:20.000000000
75,Grandma's Cookies,Jet Engine,7,459.8365892888513,2024-01-28 09:39:27.567567567
76,The President of the United States,Jet Engine,1,300.9221060283187,2024-01-28 18:25:35.135135135
77,Grandma's Cookies,Enriched Uranium,66,161.90364082745324,2024-01-29 03:11:42.702702702
78,VolksWagen,Dirt,80,621.1562657361445,2024-01-29 11:57:50.270270270
79,Carl,Jet Engine,4,453.39815467636834,2024-01-29 20:43:57.837837837
80,VolksWagen,Dirt,19,666.8674456681025,2024-01-30 05:30:05.405405405
81,Blockbuster,Fake Promises,73,939.0230985508978,2024-01-30 14:16:12.972972973
82,Carl,Jet Engine,96,632.2500715613986,2024-01-30 23:02:20.540540540
83,VolksWagen,Jet Engine,76,693.9081785617935,2024-01-31 07:48:28.108108108
84,Carl,Jet Engine,5,790.6083275325382,2024-01-31 16:34:35.675675675
85,Grandma's Cookies,Dirt,8,602.4362215640351,2024-02-01 01:20:43.243243243
86,The President of the United States,Fake Promises,74,602.2948535310238,2024-02-01 10:06:50.810810810
87,VolksWagen,Cookies,66,274.80769127360526,2024-02-01 18:52:58.378378378
88,Carl,Cookies,60,244.49931100190747,2024-02-02 03:39:05.945945946
89,VolksWagen,Cookies,80,942.3022071176412,2024-02-02 12:25:13.513513513
90,The President of the United States,Enriched Uranium,91,982.1912440485747,2024-02-02 21:11:21.081081081
91,Blockbuster,Enriched Uranium,39,900.4127854873587,2024-02-03 05:57:28.648648648
92,Carl,Cookies,55,136.44033201428107,2024-02-03 14:43:36.216216216
93,Blockbuster,Fake Promises,32,255.40921277842997,2024-02-03 23:29:43.783783783
94,Blockbuster,Cookies,59,969.9305718253199,2024-02-04 08:15:51.351351351
95,The President of the United States,Jet Engine,27,187.83335799858224,2024-02-04 17:01:58.918918919
96,The President of the United States,Cookies,99,224.76719274117875,2024-02-05 01:48:06.486486486
97,The President of the United States,Dirt,97,612.7168047813205,2024-02-05 10:34:14.054054054
98,Grandma's Cookies,Dirt,34,60.020795956522434,2024-02-05 19:20:21.621621621
99,VolksWagen,Fake Promises,29,853.7731759845714,2024-02-06 04:06:29.189189189
100,VolksWagen,Jet Engine,52,959.1740300801222,2024-02-06 12:52:36.756756756
101,Grandma's Cookies,Enriched Uranium,74,905.8521427921137,2024-02-06 21:38:44.324324324
102,VolksWagen,Enriched Uranium,65,770.0786112043569,2024-02-07 06:24:51.891891892
103,Blockbuster,Cookies,86,881.3921892540797,2024-02-07 15:10:59.459459459
104,Grandma's Cookies,Fake Promises,51,61.033102487658475,2024-02-07 23:57:07.027027027
105,The President of the United States,Cookies,2,887.6153966440851,2024-02-08 08:43:14.594594594
106,The President of the United States,Cookies,83,238.40413655580483,2024-02-08 17:29:22.162162162
107,Blockbuster,Jet Engine,80,447.4393956331326,2024-02-09 02:15:29.729729729
108,VolksWagen,Enriched Uranium,22,243.17119768444573,2024-02-09 11:01:37.297297297
109,Grandma's Cookies,Cookies,23,587.8386872891381,2024-02-09 19:47:44.864864864
110,Blockbuster,Cookies,76,736.9414409164124,2024-02-10 04:33:52.432432432
111,Carl,Dirt,65,149.5857151779898,2024-02-10 13:20:00.000000000
112,The President of the United States,Fake Promises,70,672.076385522318,2024-02-10 22:06:07.567567567
113,Grandma's Cookies,Jet Engine,28,559.3861819041716,2024-02-11 06:52:15.135135135
114,Blockbuster,Dirt,97,961.9835216189583,2024-02-11 15:38:22.702702702
115,VolksWagen,Cookies,32,210.61545735315346,2024-02-12 00:24:30.270270270
116,Carl,Cookies,10,321.7059296309056,2024-02-12 09:10:37.837837837
117,Grandma's Cookies,Cookies,24,788.8609498649427,2024-02-12 17:56:45.405405405
118,Carl,Dirt,3,167.91080178018314,2024-02-13 02:42:52.972972973
119,VolksWagen,Enriched Uranium,47,924.1123078864243,2024-02-13 11:29:00.540540540
120,VolksWagen,Jet Engine,86,286.4674976099083,2024-02-13 20:15:08.108108108
121,The President of the United States,Jet Engine,37,55.68646652108844,2024-02-14 05:01:15.675675675
122,Blockbuster,Fake Promises,97,962.0094957509914,2024-02-14 13:47:23.243243243
123,Carl,Enriched Uranium,38,77.28778916486834,2024-02-14 22:33:30.810810810
124,The President of the United States,Dirt,12,603.442988143964,2024-02-15 07:19:38.378378378
125,Blockbuster,Fake Promises,16,911.3525806784563,2024-02-15 16:05:45.945945946
126,VolksWagen,Cookies,31,855.0651203389518,2024-02-16 00:51:53.513513513
127,The President of the United States,Enriched Uranium,42,712.851625940595,2024-02-16 09:38:01.081081081
128,Blockbuster,Cookies,60,735.2675178394368,2024-02-16 18:24:08.648648648
129,The President of the United States,Cookies,1,641.7965227071655,2024-02-17 03:10:16.216216216
130,Grandma's Cookies,Jet Engine,6,894.7525875503293,2024-02-17 11:56:23.783783783
131,VolksWagen,Cookies,60,24.022814854744446,2024-02-17 20:42:31.351351351
132,Carl,Jet Engine,20,393.47680724471843,2024-02-18 05:28:38.918918919
133,The President of the United States,Cookies,61,963.1750028637671,2024-02-18 14:14:46.486486486
134,The President of the United States,Dirt,20,379.1013527508609,2024-02-18 23:00:54.054054054
135,Carl,Enriched Uranium,19,462.51646991141394,2024-02-19 07:47:01.621621621
136,Blockbuster,Dirt,50,479.3295743115266,2024-02-19 16:33:09.189189189
137,VolksWagen,Dirt,99,734.6866631874733,2024-02-20 01:19:16.756756756
138,Blockbuster,Jet Engine,22,388.3015451234223,2024-02-20 10:05:24.324324324
139,The President of the United States,Jet Engine,19,981.8231551816301,2024-02-20 18:51:31.891891891
140,VolksWagen,Dirt,79,922.5592583489831,2024-02-21 03:37:39.459459459
141,Carl,Jet Engine,24,643.5516756478598,2024-02-21 12:23:47.027027027
142,Grandma's Cookies,Enriched Uranium,19,122.98441285188566,2024-02-21 21:09:54.594594594
143,Blockbuster,Fake Promises,2,714.3964035323868,2024-02-22 05:56:02.162162162
144,Blockbuster,Cookies,24,261.05815353518744,2024-02-22 14:42:09.729729730
145,Grandma's Cookies,Fake Promises,35,957.353401355086,2024-02-22 23:28:17.297297297
146,The President of the United States,Dirt,68,871.8993456233895,2024-02-23 08:14:24.864864865
147,Carl,Dirt,97,339.92280267165887,2024-02-23 17:00:32.432432432
148,VolksWagen,Enriched Uranium,94,142.6358812866243,2024-02-24 01:46:40.000000000
149,Blockbuster,Enriched Uranium,75,746.821901842727,2024-02-24 10:32:47.567567567
150,Grandma's Cookies,Jet Engine,76,121.01804401639559,2024-02-24 19:18:55.135135135
151,Blockbuster,Dirt,30,414.2110967819875,2024-02-25 04:05:02.702702703
152,The President of the United States,Jet Engine,61,594.1382181731153,2024-02-25 12:51:10.270270270
153,VolksWagen,Jet Engine,5,136.39216716982884,2024-02-25 21:37:17.837837838
154,The President of the United States,Enriched Uranium,81,603.560126823669,2024-02-26 06:23:25.405405405
155,The President of the United States,Cookies,4,379.8315915367776,2024-02-26 15:09:32.972972973
156,Grandma's Cookies,Dirt,95,106.01121819686088,2024-02-26 23:55:40.540540540
157,VolksWagen,Fake Promises,24,814.2714950894494,2024-02-27 08:41:48.108108108
158,VolksWagen,Fake Promises,82,287.45902358513877,2024-02-27 17:27:55.675675675
159,The President of the United States,Enriched Uranium,2,991.205021186313,2024-02-28 02:14:03.243243243
160,VolksWagen,Fake Promises,59,892.5582611590738,2024-02-28 11:00:10.810810811
161,Carl,Jet Engine,42,62.33179683816614,2024-02-28 19:46:18.378378378
162,VolksWagen,Dirt,66,54.38106642015883,2024-02-29 04:32:25.945945946
163,Blockbuster,Enriched Uranium,17,268.7621600846203,2024-02-29 13:18:33.513513513
164,The President of the United States,Jet Engine,93,132.01983572794097,2024-02-29 22:04:41.081081081
165,Grandma's Cookies,Cookies,50,750.9403714284765,2024-03-01 06:50:48.648648648
166,Blockbuster,Enriched Uranium,60,411.12550674906237,2024-03-01 15:36:56.216216216
167,The President of the United States,Fake Promises,53,115.77779990049952,2024-03-02 00:23:03.783783784
168,Blockbuster,Enriched Uranium,20,576.3252456533204,2024-03-02 09:09:11.351351351
169,Blockbuster,Enriched Uranium,1,586.3045247944817,2024-03-02 17:55:18.918918919
170,The President of the United States,Fake Promises,31,298.3850800537038,2024-03-03 02:41:26.486486486
171,Carl,Jet Engine,66,128.9029828223657,2024-03-03 11:27:34.054054054
172,The President of the United States,Dirt,68,363.1593366035283,2024-03-03 20:13:41.621621621
173,Grandma's Cookies,Enriched Uranium,63,264.2926717367974,2024-03-04 04:59:49.189189189
174,VolksWagen,Fake Promises,67,714.7148038220815,2024-03-04 13:45:56.756756757
175,Carl,Fake Promises,77,743.12212912821,2024-03-04 22:32:04.324324324
176,Grandma's Cookies,Enriched Uranium,63,997.8565397960707,2024-03-05 07:18:11.891891892
177,Grandma's Cookies,Fake Promises,69,118.98147490454913,2024-03-05 16:04:19.459459459
178,Blockbuster,Jet Engine,17,564.2463183047315,2024-03-06 00:50:27.027027027
179,Grandma's Cookies,Enriched Uranium,29,862.4135757642284,2024-03-06 09:36:34.594594594
180,Blockbuster,Fake Promises,59,626.1257241289899,2024-03-06 18:22:42.162162162
181,Blockbuster,Fake Promises,56,273.744879763375,2024-03-07 03:08:49.729729730
182,Blockbuster,Cookies,32,139.4917202215248,2024-03-07 11:54:57.297297297
183,Grandma's Cookies,Cookies,90,633.4889290286548,2024-03-07 20:41:04.864864865
184,The President of the United States,Dirt,94,526.7271411927657,2024-03-08 05:27:12.432432432
185,Blockbuster,Dirt,21,155.81798742731166,2024-03-08 14:13:20.000000000
186,The President of the United States,Enriched Uranium,74,725.476647338644,2024-03-08 22:59:27.567567567
187,The President of the United States,Enriched Uranium,66,437.37458756153205,2024-03-09 07:45:35.135135135
188,The President of the United States,Jet Engine,67,386.0227003945368,2024-03-09 16:31:42.702702702
189,Carl,Fake Promises,83,270.3730350743169,2024-03-10 01:17:50.270270270
190,Grandma's Cookies,Jet Engine,91,898.4071195346795,2024-03-10 10:03:57.837837838
191,VolksWagen,Cookies,87,762.9917751153052,2024-03-10 18:50:05.405405405
192,Blockbuster,Dirt,97,753.5978429846273,2024-03-11 03:36:12.972972973
193,Blockbuster,Enriched Uranium,56,425.20718146871684,2024-03-11 12:22:20.540540540
194,VolksWagen,Dirt,87,645.5790066386365,2024-03-11 21:08:28.108108108
195,Grandma's Cookies,Fake Promises,19,418.6869555622942,2024-03-12 05:54:35.675675675
196,The President of the United States,Cookies,94,160.50990857669,2024-03-12 14:40:43.243243243
197,Grandma's Cookies,Enriched Uranium,72,613.9817564738007,2024-03-12 23:26:50.810810811
198,The President of the United States,Fake Promises,51,238.55967618071995,2024-03-13 08:12:58.378378378
199,Blockbuster,Dirt,58,215.00616861108236,2024-03-13 16:59:05.945945946
200,Blockbuster,Fake Promises,31,824.0408273961986,2024-03-14 01:45:13.513513513
201,VolksWagen,Fake Promises,30,643.3325100559307,2024-03-14 10:31:21.081081081
202,Grandma's Cookies,Enriched Uranium,62,387.75434914820516,2024-03-14 19:17:28.648648648
203,Carl,Dirt,16,553.5002329548277,2024-03-15 04:03:36.216216216
204,The President of the United States,Jet Engine,29,816.3989662589172,2024-03-15 12:49:43.783783784
205,Carl,Dirt,37,660.9601613307198,2024-03-15 21:35:51.351351351
206,The President of the United States,Enriched Uranium,6,578.0248490363927,2024-03-16 06:21:58.918918919
207,Blockbuster,Dirt,55,689.9943651004634,2024-03-16 15:08:06.486486486
208,Blockbuster,Cookies,10,695.5490673434928,2024-03-16 23:54:14.054054054
209,Blockbuster,Cookies,3,445.70307475615465,2024-03-17 08:40:21.621621621
210,Carl,Fake Promises,66,839.7186783584373,2024-03-17 17:26:29.189189189
211,Grandma's Cookies,Fake Promises,2,867.7944891143325,2024-03-18 02:12:36.756756757
212,Carl,Cookies,10,290.01670767981847,2024-03-18 10:58:44.324324324
213,The President of the United States,Dirt,26,736.4239642265411,2024-03-18 19:44:51.891891892
214,VolksWagen,Enriched Uranium,69,920.5157984677112,2024-03-19 04:30:59.459459459
215,VolksWagen,Dirt,14,121.41838063705424,2024-03-19 13:17:07.027027027
216,Carl,Cookies,46,113.98961368938076,2024-03-19 22:03:14.594594594
217,Blockbuster,Dirt,67,439.91833854293316,2024-03-20 06:49:22.162162162
218,The President of the United States,Fake Promises,87,775.8570951556821,2024-03-20 15:35:29.729729729
219,Carl,Jet Engine,18,679.5372841537092,2024-03-21 00:21:37.297297297
220,VolksWagen,Enriched Uranium,57,823.4312573097371,2024-03-21 09:07:44.864864865
221,The President of the United States,Dirt,37,5.646150435519859,2024-03-21 17:53:52.432432432
222,The President of the United States,Enriched Uranium,49,754.506036834043,2024-03-22 02:40:00.000000000
223,Grandma's Cookies,Fake Promises,82,637.5903695607527,2024-03-22 11:26:07.567567567
224,Blockbuster,Dirt,88,697.3758346566108,2024-03-22 20:12:15.135135135
225,Carl,Dirt,37,394.95266421434195,2024-03-23 04:58:22.702702702
226,VolksWagen,Jet Engine,25,554.5828998392836,2024-03-23 13:44:30.270270270
227,Carl,Enriched Uranium,62,930.9641807889794,2024-03-23 22:30:37.837837838
228,The President of the United States,Jet Engine,10,16.130322047133827,2024-03-24 07:16:45.405405405
229,Blockbuster,Dirt,31,964.195199942516,2024-03-24 16:02:52.972972973
230,Grandma's Cookies,Cookies,47,211.61529353106113,2024-03-25 00:49:00.540540540
231,Carl,Cookies,73,773.6180782778541,2024-03-25 09:35:08.108108108
232,Carl,Enriched Uranium,6,685.0987119649711,2024-03-25 18:21:15.675675675
233,Blockbuster,Jet Engine,43,113.58311164223255,2024-03-26 03:07:23.243243243
234,The President of the United States,Enriched Uranium,70,447.31786230912627,2024-03-26 11:53:30.810810811
235,Carl,Dirt,88,241.01523074127974,2024-03-26 20:39:38.378378378
236,Blockbuster,Enriched Uranium,65,366.42330524459476,2024-03-27 05:25:45.945945946
237,VolksWagen,Jet Engine,0,431.41134816828907,2024-03-27 14:11:53.513513513
238,VolksWagen,Dirt,74,385.86661790328947,2024-03-27 22:58:01.081081081
239,Blockbuster,Dirt,73,521.8068343820934,2024-03-28 07:44:08.648648648
240,The President of the United States,Enriched Uranium,58,157.63843189803904,2024-03-28 16:30:16.216216216
241,The President of the United States,Fake Promises,49,841.4813448460603,2024-03-29 01:16:23.783783784
242,Carl,Cookies,49,557.3425488056098,2024-03-29 10:02:31.351351351
243,The President of the United States,Dirt,21,584.9794426864163,2024-03-29 18:48:38.918918919
244,The President of the United States,Fake Promises,19,16.507991083898442,2024-03-30 03:34:46.486486486
245,Grandma's Cookies,Cookies,73,808.7845888297192,2024-03-30 12:20:54.054054054
246,Carl,Cookies,83,41.383074293037005,2024-03-30 21:07:01.621621621
247,VolksWagen,Cookies,34,585.9204128005792,2024-03-31 05:53:09.189189189
248,VolksWagen,Dirt,24,736.6431770325779,2024-03-31 14:39:16.756756756
249,Blockbuster,Dirt,33,151.02135972073637,2024-03-31 23:25:24.324324324
250,Grandma's Cookies,Jet Engine,95,48.929722404813305,2024-04-01 08:11:31.891891892
251,VolksWagen,Fake Promises,67,877.5019119841974,2024-04-01 16:57:39.459459459
252,Grandma's Cookies,Cookies,98,309.09630463911384,2024-04-02 01:43:47.027027027
253,The President of the United States,Cookies,57,856.4189376734456,2024-04-02 10:29:54.594594594
254,The President of the United States,Cookies,98,202.79181379063104,2024-04-02 19:16:02.162162162
255,Blockbuster,Enriched Uranium,39,519.9124692459719,2024-04-03 04:02:09.729729729
256,Grandma's Cookies,Fake Promises,33,282.0694483124474,2024-04-03 12:48:17.297297297
257,Grandma's Cookies,Fake Promises,74,529.6628080661841,2024-04-03 21:34:24.864864865
258,Grandma's Cookies,Fake Promises,13,107.25416679819189,2024-04-04 06:20:32.432432432
259,Grandma's Cookies,Fake Promises,38,991.7037034321231,2024-04-04 15:06:40.000000000
260,VolksWagen,Dirt,27,11.606507696399927,2024-04-04 23:52:47.567567567
261,Blockbuster,Dirt,1,929.6226191081435,2024-04-05 08:38:55.135135135
262,Carl,Enriched Uranium,3,823.8038826786967,2024-04-05 17:25:02.702702702
263,Blockbuster,Enriched Uranium,81,701.5839878711969,2024-04-06 02:11:10.270270270
264,The President of the United States,Enriched Uranium,4,617.8346486976147,2024-04-06 10:57:17.837837838
265,Grandma's Cookies,Jet Engine,76,457.9814551600978,2024-04-06 19:43:25.405405405
266,VolksWagen,Enriched Uranium,32,157.74068123912954,2024-04-07 04:29:32.972972973
267,Grandma's Cookies,Cookies,56,735.0662804988707,2024-04-07 13:15:40.540540540
268,Carl,Dirt,35,526.5789994043364,2024-04-07 22:01:48.108108108
269,Grandma's Cookies,Jet Engine,17,680.473386767373,2024-04-08 06:47:55.675675675
270,VolksWagen,Enriched Uranium,22,804.0734267187967,2024-04-08 15:34:03.243243243
271,VolksWagen,Dirt,64,413.75719247802414,2024-04-09 00:20:10.810810810
272,Grandma's Cookies,Fake Promises,62,164.5181239567055,2024-04-09 09:06:18.378378378
273,Blockbuster,Jet Engine,57,434.2329699770568,2024-04-09 17:52:25.945945946
274,VolksWagen,Jet Engine,22,365.9995474129858,2024-04-10 02:38:33.513513513
275,Grandma's Cookies,Dirt,10,118.40812969808867,2024-04-10 11:24:41.081081081
276,VolksWagen,Fake Promises,74,800.2550271440055,2024-04-10 20:10:48.648648648
277,The President of the United States,Enriched Uranium,55,953.1085129647423,2024-04-11 04:56:56.216216216
278,The President of the United States,Fake Promises,48,778.6083438930297,2024-04-11 13:43:03.783783783
279,Blockbuster,Cookies,53,595.3840395745642,2024-04-11 22:29:11.351351351
280,Carl,Dirt,38,245.87004093994923,2024-04-12 07:15:18.918918919
281,Carl,Cookies,65,709.8904065694564,2024-04-12 16:01:26.486486486
282,Grandma's Cookies,Enriched Uranium,99,282.32911072231934,2024-04-13 00:47:34.054054054
283,Carl,Enriched Uranium,70,537.7238270739637,2024-04-13 09:33:41.621621621
284,Grandma's Cookies,Dirt,13,25.238155880346724,2024-04-13 18:19:49.189189189
285,Grandma's Cookies,Dirt,83,615.4980135996337,2024-04-14 03:05:56.756756756
286,VolksWagen,Cookies,89,250.8752499778385,2024-04-14 11:52:04.324324324
287,VolksWagen,Cookies,84,675.3345866437722,2024-04-14 20:38:11.891891892
288,Grandma's Cookies,Enriched Uranium,94,938.3851434052444,2024-04-15 05:24:19.459459460
289,Carl,Dirt,69,281.2288058134297,2024-04-15 14:10:27.027027026
290,Carl,Enriched Uranium,30,172.02514832846683,2024-04-15 22:56:34.594594594
291,Grandma's Cookies,Cookies,43,654.8638548349633,2024-04-16 07:42:42.162162162
292,Carl,Jet Engine,59,323.6475782792785,2024-04-16 16:28:49.729729730
293,Carl,Fake Promises,11,804.2887461930002,2024-04-17 01:14:57.297297296
294,The President of the United States,Cookies,67,793.7044744750998,2024-04-17 10:01:04.864864864
295,The President of the United States,Jet Engine,14,826.9320741882639,2024-04-17 18:47:12.432432432
296,VolksWagen,Jet Engine,35,80.26251709100052,2024-04-18 03:33:20.000000000
297,Blockbuster,Dirt,16,636.2697156705481,2024-04-18 12:19:27.567567568
298,Blockbuster,Jet Engine,25,929.0168487123076,2024-04-18 21:05:35.135135134
299,Blockbuster,Dirt,80,533.45299271466,2024-04-19 05:51:42.702702702
300,Carl,Fake Promises,88,189.04149393427326,2024-04-19 14:37:50.270270270
301,Blockbuster,Enriched Uranium,5,365.7629820211531,2024-04-19 23:23:57.837837838
302,Blockbuster,Fake Promises,3,478.58677355911783,2024-04-20 08:10:05.405405406
303,VolksWagen,Fake Promises,66,268.18098243532506,2024-04-20 16:56:12.972972972
304,The President of the United States,Dirt,23,992.394924463156,2024-04-21 01:42:20.540540540
305,The President of the United States,Fake Promises,73,815.3863669139882,2024-04-21 10:28:28.108108108
306,Blockbuster,Cookies,41,455.15980878205306,2024-04-21 19:14:35.675675676
307,Carl,Enriched Uranium,12,782.9297576667841,2024-04-22 04:00:43.243243242
308,Carl,Cookies,67,371.1709162951109,2024-04-22 12:46:50.810810810
309,Grandma's Cookies,Jet Engine,46,822.8778930134674,2024-04-22 21:32:58.378378378
310,Grandma's Cookies,Fake Promises,42,25.282857831684822,2024-04-23 06:19:05.945945946
311,Carl,Jet Engine,4,905.1591765052095,2024-04-23 15:05:13.513513514
312,Carl,Dirt,22,615.0158903080135,2024-04-23 23:51:21.081081080
313,Carl,Dirt,57,212.04177680237035,2024-04-24 08:37:28.648648648
314,VolksWagen,Cookies,32,250.0277289230586,2024-04-24 17:23:36.216216216
315,Blockbuster,Fake Promises,75,94.16715525748731,2024-04-25 02:09:43.783783784
316,Blockbuster,Fake Promises,45,768.9138806402342,2024-04-25 10:55:51.351351350
317,Grandma's Cookies,Jet Engine,1,234.41002058684356,2024-04-25 19:41:58.918918918
318,Blockbuster,Fake Promises,4,374.7037301919309,2024-04-26 04:28:06.486486486
319,VolksWagen,Jet Engine,58,502.61753114717,2024-04-26 13:14:14.054054054
320,Blockbuster,Dirt,5,219.62486638332834,2024-04-26 22:00:21.621621622
321,The President of the United States,Fake Promises,23,7.083774032835111,2024-04-27 06:46:29.189189188
322,Blockbuster,Dirt,77,810.3787656560072,2024-04-27 15:32:36.756756756
323,Blockbuster,Jet Engine,26,717.9178034896061,2024-04-28 00:18:44.324324324
324,Blockbuster,Fake Promises,76,873.7554499411679,2024-04-28 09:04:51.891891892
325,Blockbuster,Enriched Uranium,52,362.59370680927947,2024-04-28 17:50:59.459459460
326,Carl,Jet Engine,85,693.9221455174552,2024-04-29 02:37:07.027027026
327,Carl,Enriched Uranium,91,720.5533649975647,2024-04-29 11:23:14.594594594
328,VolksWagen,Enriched Uranium,43,369.4706305476873,2024-04-29 20:09:22.162162162
329,Blockbuster,Fake Promises,54,701.0557122383681,2024-04-30 04:55:29.729729730
330,Carl,Dirt,93,903.8290943977554,2024-04-30 13:41:37.297297296
331,The President of the United States,Cookies,13,751.065616292009,2024-04-30 22:27:44.864864864
332,The President of the United States,Fake Promises,72,63.36384809501061,2024-05-01 07:13:52.432432432
333,VolksWagen,Enriched Uranium,45,226.65460682316552,2024-05-01 16:00:00.000000000
334,The President of the United States,Dirt,29,131.07041867668312,2024-05-02 00:46:07.567567568
335,Carl,Cookies,49,792.1663580924587,2024-05-02 09:32:15.135135134
336,Carl,Dirt,58,52.976894481787774,2024-05-02 18:18:22.702702702
337,Blockbuster,Jet Engine,53,314.77945741413527,2024-05-03 03:04:30.270270270
338,Blockbuster,Jet Engine,91,12.736900324036181,2024-05-03 11:50:37.837837838
339,Carl,Fake Promises,10,50.8756872812135,2024-05-03 20:36:45.405405406
340,Blockbuster,Cookies,10,404.28984099972973,2024-05-04 05:22:52.972972972
341,Blockbuster,Fake Promises,79,379.0684773715296,2024-05-04 14:09:00.540540540
342,VolksWagen,Dirt,68,571.5085102423762,2024-05-04 22:55:08.108108108
343,The President of the United States,Jet Engine,67,166.00527807694132,2024-05-05 07:41:15.675675676
344,VolksWagen,Fake Promises,83,831.6359034521439,2024-05-05 16:27:23.243243242
345,Grandma's Cookies,Enriched Uranium,46,927.8768444458109,2024-05-06 01:13:30.810810810
346,Blockbuster,Dirt,23,743.3773339250947,2024-05-06 09:59:38.378378378
347,The President of the United States,Dirt,66,288.1884275325206,2024-05-06 18:45:45.945945946
348,Blockbuster,Jet Engine,45,972.0391714034646,2024-05-07 03:31:53.513513514
349,Carl,Cookies,4,629.2996174683727,2024-05-07 12:18:01.081081080
350,Carl,Enriched Uranium,23,331.6208218305651,2024-05-07 21:04:08.648648648
351,Carl,Cookies,24,948.600449393335,2024-05-08 05:50:16.216216216
352,Blockbuster,Jet Engine,15,750.6314839950387,2024-05-08 14:36:23.783783784
353,The President of the United States,Fake Promises,3,885.8957097632255,2024-05-08 23:22:31.351351350
354,VolksWagen,Enriched Uranium,76,570.0881233347119,2024-05-09 08:08:38.918918918
355,VolksWagen,Fake Promises,29,742.9690587485201,2024-05-09 16:54:46.486486486
356,The President of the United States,Fake Promises,0,51.57935420970172,2024-05-10 01:40:54.054054054
357,Blockbuster,Jet Engine,97,612.5870343777733,2024-05-10 10:27:01.621621622
358,Carl,Jet Engine,55,332.7628248064884,2024-05-10 19:13:09.189189188
359,Grandma's Cookies,Enriched Uranium,6,124.49381922593594,2024-05-11 03:59:16.756756756
360,Grandma's Cookies,Cookies,86,20.51913381974879,2024-05-11 12:45:24.324324324
361,The President of the United States,Cookies,20,779.2163532228649,2024-05-11 21:31:31.891891892
362,Blockbuster,Fake Promises,98,844.9586575751166,2024-05-12 06:17:39.459459460
363,Blockbuster,Dirt,46,746.5196915217239,2024-05-12 15:03:47.027027026
364,VolksWagen,Cookies,15,282.22990796358914,2024-05-12 23:49:54.594594594
365,VolksWagen,Dirt,1,903.4161434122597,2024-05-13 08:36:02.162162162
366,Grandma's Cookies,Cookies,18,625.5670775224739,2024-05-13 17:22:09.729729730
367,Carl,Cookies,42,44.12023129593501,2024-05-14 02:08:17.297297296
368,Blockbuster,Cookies,23,48.63645568411912,2024-05-14 10:54:24.864864864
369,Blockbuster,Dirt,58,935.5763578157809,2024-05-14 19:40:32.432432432
370,The President of the United States,Jet Engine,34,594.0632662279405,2024-05-15 04:26:40.000000000
371,The President of the United States,Fake Promises,17,58.77897456074488,2024-05-15 13:12:47.567567568
372,Blockbuster,Jet Engine,21,642.0401250006848,2024-05-15 21:58:55.135135134
373,Grandma's Cookies,Fake Promises,83,369.4201411460339,2024-05-16 06:45:02.702702702
374,Grandma's Cookies,Enriched Uranium,54,89.14565641958183,2024-05-16 15:31:10.270270270
375,Blockbuster,Dirt,12,775.6426396471156,2024-05-17 00:17:17.837837838
376,VolksWagen,Enriched Uranium,50,965.9111298552041,2024-05-17 09:03:25.405405404
377,VolksWagen,Jet Engine,45,667.5845123776095,2024-05-17 17:49:32.972972972
378,Grandma's Cookies,Jet Engine,32,403.96065495331555,2024-05-18 02:35:40.540540540
379,The President of the United States,Enriched Uranium,58,588.1283884748049,2024-05-18 11:21:48.108108108
380,VolksWagen,Cookies,6,820.4646445832576,2024-05-18 20:07:55.675675676
381,VolksWagen,Dirt,6,938.0034624050958,2024-05-19 04:54:03.243243242
382,Carl,Cookies,59,801.0057855549746,2024-05-19 13:40:10.810810810
383,VolksWagen,Cookies,71,769.3704134076951,2024-05-19 22:26:18.378378378
384,Carl,Fake Promises,7,495.202932202661,2024-05-20 07:12:25.945945946
385,The President of the United States,Dirt,63,654.0287114595528,2024-05-20 15:58:33.513513514
386,Grandma's Cookies,Dirt,82,217.7363229392547,2024-05-21 00:44:41.081081080
387,VolksWagen,Fake Promises,10,99.77200237750627,2024-05-21 09:30:48.648648648
388,Carl,Jet Engine,7,821.7063426439298,2024-05-21 18:16:56.216216216
389,Grandma's Cookies,Enriched Uranium,20,423.09480295179515,2024-05-22 03:03:03.783783784
390,VolksWagen,Jet Engine,2,124.48729527254487,2024-05-22 11:49:11.351351350
391,Grandma's Cookies,Fake Promises,33,519.0913845227299,2024-05-22 20:35:18.918918918
392,Carl,Dirt,89,810.5553148394207,2024-05-23 05:21:26.486486486
393,Grandma's Cookies,Dirt,43,606.9847089053249,2024-05-23 14:07:34.054054054
394,VolksWagen,Enriched Uranium,3,528.2933702053408,2024-05-23 22:53:41.621621622
395,Carl,Cookies,43,601.9597545061736,2024-05-24 07:39:49.189189188
396,Carl,Cookies,23,405.4226866626447,2024-05-24 16:25:56.756756756
397,Grandma's Cookies,Dirt,35,848.966766812165,2024-05-25 01:12:04.324324324
398,Carl,Jet Engine,51,395.70572750503,2024-05-25 09:58:11.891891892
399,VolksWagen,Fake Promises,1,992.355671413928,2024-05-25 18:44:19.459459458
400,The President of the United States,Jet Engine,81,112.18399979799088,2024-05-26 03:30:27.027027026
401,Carl,Jet Engine,38,662.5334379482962,2024-05-26 12:16:34.594594594
402,Grandma's Cookies,Enriched Uranium,7,949.3182799178892,2024-05-26 21:02:42.162162162
403,Blockbuster,Cookies,12,161.89975889619024,2024-05-27 05:48:49.729729730
404,Carl,Dirt,36,662.2784656845349,2024-05-27 14:34:57.297297296
405,The President of the United States,Enriched Uranium,94,477.57367936947827,2024-05-27 23:21:04.864864864
406,Grandma's Cookies,Dirt,79,444.0623365063465,2024-05-28 08:07:12.432432432
407,VolksWagen,Fake Promises,19,19.902964946874157,2024-05-28 16:53:20.000000000
408,VolksWagen,Dirt,87,936.5607712978568,2024-05-29 01:39:27.567567568
409,Carl,Jet Engine,93,421.6911533180595,2024-05-29 10:25:35.135135134
410,Carl,Cookies,28,534.2471778887065,2024-05-29 19:11:42.702702702
411,Grandma's Cookies,Enriched Uranium,30,75.21011739744642,2024-05-30 03:57:50.270270270
412,Carl,Cookies,16,816.0703917360847,2024-05-30 12:43:57.837837838
413,Grandma's Cookies,Enriched Uranium,67,465.75183594816707,2024-05-30 21:30:05.405405404
414,Carl,Jet Engine,1,104.54740059636603,2024-05-31 06:16:12.972972972
415,Blockbuster,Cookies,74,914.3295017832457,2024-05-31 15:02:20.540540540
416,Carl,Fake Promises,10,937.670717588902,2024-05-31 23:48:28.108108108
417,VolksWagen,Enriched Uranium,81,192.80180334834796,2024-06-01 08:34:35.675675676
418,The President of the United States,Fake Promises,88,489.59259724083694,2024-06-01 17:20:43.243243242
419,Carl,Cookies,42,444.2684269955982,2024-06-02 02:06:50.810810810
420,Blockbuster,Fake Promises,55,139.2202937200745,2024-06-02 10:52:58.378378378
421,Blockbuster,Cookies,20,978.4523143370154,2024-06-02 19:39:05.945945946
422,The President of the United States,Enriched Uranium,79,810.1258748599398,2024-06-03 04:25:13.513513514
423,Blockbuster,Jet Engine,24,209.260090240582,2024-06-03 13:11:21.081081080
424,VolksWagen,Enriched Uranium,22,966.6462312167082,2024-06-03 21:57:28.648648648
425,Grandma's Cookies,Enriched Uranium,85,910.362866824788,2024-06-04 06:43:36.216216216
426,Carl,Fake Promises,57,819.5847267646743,2024-06-04 15:29:43.783783784
427,Blockbuster,Jet Engine,42,170.00723819103592,2024-06-05 00:15:51.351351350
428,Blockbuster,Jet Engine,62,630.7575342722467,2024-06-05 09:01:58.918918918
429,Blockbuster,Enriched Uranium,28,729.5531600361952,2024-06-05 17:48:06.486486486
430,Grandma's Cookies,Fake Promises,17,393.79846003545936,2024-06-06 02:34:14.054054054
431,Carl,Dirt,21,65.71430066012852,2024-06-06 11:20:21.621621622
432,VolksWagen,Enriched Uranium,86,757.1246213343285,2024-06-06 20:06:29.189189188
433,Blockbuster,Dirt,49,776.6491051553937,2024-06-07 04:52:36.756756756
434,Grandma's Cookies,Jet Engine,88,178.3658654645427,2024-06-07 13:38:44.324324324
435,The President of the United States,Cookies,99,298.48602659114454,2024-06-07 22:24:51.891891892
436,Blockbuster,Jet Engine,65,451.1952766838614,2024-06-08 07:10:59.459459458
437,The President of the United States,Jet Engine,71,349.3396063591254,2024-06-08 15:57:07.027027026
438,Blockbuster,Jet Engine,79,14.442192564082967,2024-06-09 00:43:14.594594594
439,VolksWagen,Enriched Uranium,59,255.94251143932956,2024-06-09 09:29:22.162162162
440,Carl,Jet Engine,3,386.5377466291691,2024-06-09 18:15:29.729729730
441,The President of the United States,Jet Engine,22,457.60360831410884,2024-06-10 03:01:37.297297296
442,Grandma's Cookies,Dirt,76,998.6779832585618,2024-06-10 11:47:44.864864864
443,Blockbuster,Dirt,65,775.7565527964423,2024-06-10 20:33:52.432432432
444,Grandma's Cookies,Fake Promises,97,839.0265400412013,2024-06-11 05:20:00.000000000
445,VolksWagen,Jet Engine,11,706.4082554287219,2024-06-11 14:06:07.567567568
446,Blockbuster,Enriched Uranium,45,590.0139523133521,2024-06-11 22:52:15.135135134
447,The President of the United States,Dirt,39,72.21033695746925,2024-06-12 07:38:22.702702702
448,Grandma's Cookies,Enriched Uranium,15,633.3095263748774,2024-06-12 16:24:30.270270270
449,Grandma's Cookies,Enriched Uranium,24,719.2243624613012,2024-06-13 01:10:37.837837838
450,The President of the United States,Dirt,84,5.0055170189968745,2024-06-13 09:56:45.405405404
451,VolksWagen,Fake Promises,92,691.1253075686693,2024-06-13 18:42:52.972972972
452,Blockbuster,Cookies,22,782.8612348723441,2024-06-14 03:29:00.540540540
453,Blockbuster,Cookies,99,172.86279156767316,2024-06-14 12:15:08.108108108
454,Carl,Enriched Uranium,41,73.0242039431177,2024-06-14 21:01:15.675675676
455,Grandma's Cookies,Fake Promises,14,648.2477996455924,2024-06-15 05:47:23.243243242
456,Carl,Jet Engine,85,683.6652376401505,2024-06-15 14:33:30.810810810
457,Carl,Dirt,23,86.6233031072594,2024-06-15 23:19:38.378378378
458,Carl,Dirt,42,467.62527352920125,2024-06-16 08:05:45.945945946
459,The President of the United States,Enriched Uranium,75,970.2859801420019,2024-06-16 16:51:53.513513512
460,Carl,Enriched Uranium,99,872.4325700273087,2024-06-17 01:38:01.081081080
461,Grandma's Cookies,Dirt,13,34.594938730476144,2024-06-17 10:24:08.648648648
462,VolksWagen,Fake Promises,38,940.1580305666039,2024-06-17 19:10:16.216216216
463,Grandma's Cookies,Cookies,8,568.7514529999106,2024-06-18 03:56:23.783783784
464,Grandma's Cookies,Dirt,90,681.8611828085711,2024-06-18 12:42:31.351351350
465,VolksWagen,Fake Promises,19,418.0227842746309,2024-06-18 21:28:38.918918918
466,Grandma's Cookies,Enriched Uranium,64,279.02747861761225,2024-06-19 06:14:46.486486486
467,VolksWagen,Fake Promises,37,433.4749626867691,2024-06-19 15:00:54.054054054
468,Grandma's Cookies,Dirt,11,564.33460361302,2024-06-19 23:47:01.621621622
469,Carl,Jet Engine,89,122.93671279881946,2024-06-20 08:33:09.189189188
470,Grandma's Cookies,Fake Promises,93,607.0683611624034,2024-06-20 17:19:16.756756756
471,VolksWagen,Jet Engine,46,487.7177087363248,2024-06-21 02:05:24.324324324
472,Blockbuster,Enriched Uranium,5,636.8979507968554,2024-06-21 10:51:31.891891892
473,The President of the United States,Jet Engine,70,101.34298713570334,2024-06-21 19:37:39.459459458
474,VolksWagen,Enriched Uranium,71,815.786084461494,2024-06-22 04:23:47.027027026
475,VolksWagen,Enriched Uranium,19,960.7310631675688,2024-06-22 13:09:54.594594594
476,Blockbuster,Fake Promises,41,235.60862625313806,2024-06-22 21:56:02.162162162
477,VolksWagen,Dirt,3,762.8241617472586,2024-06-23 06:42:09.729729730
478,Grandma's Cookies,Cookies,92,107.42386334166787,2024-06-23 15:28:17.297297296
479,Carl,Dirt,21,690.6727634013121,2024-06-24 00:14:24.864864864
480,VolksWagen,Jet Engine,92,518.7987216294894,2024-06-24 09:00:32.432432432
481,Carl,Dirt,25,176.95685550307837,2024-06-24 17:46:40.000000000
482,VolksWagen,Enriched Uranium,93,582.4058848836047,2024-06-25 02:32:47.567567568
483,The President of the United States,Fake Promises,97,991.3752650853761,2024-06-25 11:18:55.135135134
484,The President of the United States,Jet Engine,83,333.6743255935318,2024-06-25 20:05:02.702702702
485,VolksWagen,Fake Promises,59,845.0571968667098,2024-06-26 04:51:10.270270270
486,VolksWagen,Jet Engine,42,875.0198268440379,2024-06-26 13:37:17.837837838
487,Carl,Fake Promises,71,862.5561845767222,2024-06-26 22:23:25.405405404
488,The President of the United States,Dirt,69,324.27074622892707,2024-06-27 07:09:32.972972972
489,Grandma's Cookies,Enriched Uranium,35,904.2022206700688,2024-06-27 15:55:40.540540540
490,Grandma's Cookies,Enriched Uranium,36,428.85817837565423,2024-06-28 00:41:48.108108108
491,The President of the United States,Dirt,28,665.7707069570279,2024-06-28 09:27:55.675675676
492,Grandma's Cookies,Enriched Uranium,61,268.7792995424431,2024-06-28 18:14:03.243243242
493,Blockbuster,Cookies,22,804.0730544523883,2024-06-29 03:00:10.810810810
494,The President of the United States,Enriched Uranium,83,758.8342314190601,2024-06-29 11:46:18.378378378
495,Carl,Fake Promises,34,409.26428347909217,2024-06-29 20:32:25.945945946
496,Grandma's Cookies,Cookies,24,161.53402280179841,2024-06-30 05:18:33.513513512
497,The President of the United States,Cookies,16,977.7147749685976,2024-06-30 14:04:41.081081080
498,VolksWagen,Cookies,94,257.6826499246868,2024-06-30 22:50:48.648648648
499,Grandma's Cookies,Cookies,9,981.5666442277204,2024-07-01 07:36:56.216216216
500,Grandma's Cookies,Fake Promises,55,210.59602143616817,2024-07-01 16:23:03.783783784
501,VolksWagen,Cookies,82,905.3768597407534,2024-07-02 01:09:11.351351350
502,VolksWagen,Fake Promises,72,198.14696401452812,2024-07-02 09:55:18.918918918
503,Blockbuster,Dirt,51,800.1479378491282,2024-07-02 18:41:26.486486486
504,Carl,Enriched Uranium,73,888.2173004440646,2024-07-03 03:27:34.054054054
505,The President of the United States,Jet Engine,73,651.8924305595046,2024-07-03 12:13:41.621621622
506,Carl,Enriched Uranium,78,840.5475683321554,2024-07-03 20:59:49.189189188
507,Blockbuster,Jet Engine,40,935.8830710758491,2024-07-04 05:45:56.756756756
508,VolksWagen,Dirt,18,168.19227501404154,2024-07-04 14:32:04.324324324
509,The President of the United States,Jet Engine,29,224.24971516821057,2024-07-04 23:18:11.891891892
510,The President of the United States,Dirt,63,703.3646119580113,2024-07-05 08:04:19.459459458
511,The President of the United States,Cookies,38,63.58911880669016,2024-07-05 16:50:27.027027026
512,Carl,Enriched Uranium,10,288.4036010174088,2024-07-06 01:36:34.594594594
513,Carl,Enriched Uranium,98,747.3214508969263,2024-07-06 10:22:42.162162162
514,Grandma's Cookies,Jet Engine,98,30.81699546995442,2024-07-06 19:08:49.729729730
515,Grandma's Cookies,Dirt,40,390.56642902508156,2024-07-07 03:54:57.297297296
516,Carl,Fake Promises,78,11.709789892811795,2024-07-07 12:41:04.864864864
517,Carl,Enriched Uranium,46,42.51252898141045,2024-07-07 21:27:12.432432432
518,Grandma's Cookies,Dirt,33,724.9286070405299,2024-07-08 06:13:20.000000000
519,VolksWagen,Dirt,51,994.7519345907056,2024-07-08 14:59:27.567567566
520,The President of the United States,Cookies,42,573.8858266762784,2024-07-08 23:45:35.135135134
521,VolksWagen,Dirt,8,635.9546486640642,2024-07-09 08:31:42.702702702
522,VolksWagen,Enriched Uranium,88,978.7703502183584,2024-07-09 17:17:50.270270270
523,Carl,Fake Promises,98,120.54941519953921,2024-07-10 02:03:57.837837838
524,The President of the United States,Cookies,76,616.8256807552646,2024-07-10 10:50:05.405405404
525,VolksWagen,Dirt,34,370.7378572693876,2024-07-10 19:36:12.972972972
526,Blockbuster,Fake Promises,50,428.7043259761656,2024-07-11 04:22:20.540540540
527,The President of the United States,Cookies,0,42.07525538729207,2024-07-11 13:08:28.108108108
528,Carl,Fake Promises,94,908.1894426180104,2024-07-11 21:54:35.675675676
529,The President of the United States,Enriched Uranium,36,686.665580354188,2024-07-12 06:40:43.243243242
530,Blockbuster,Fake Promises,53,337.8936395894958,2024-07-12 15:26:50.810810810
531,VolksWagen,Fake Promises,48,451.79790087057125,2024-07-13 00:12:58.378378378
532,The President of the United States,Fake Promises,86,187.13719783379224,2024-07-13 08:59:05.945945946
533,The President of the United States,Cookies,77,44.27276224569776,2024-07-13 17:45:13.513513512
534,Blockbuster,Dirt,19,637.5875256424273,2024-07-14 02:31:21.081081080
535,VolksWagen,Dirt,92,9.992557658677681,2024-07-14 11:17:28.648648648
536,Blockbuster,Cookies,94,956.0164691574317,2024-07-14 20:03:36.216216216
537,Blockbuster,Enriched Uranium,39,686.5895731700047,2024-07-15 04:49:43.783783784
538,The President of the United States,Dirt,55,271.8189742067434,2024-07-15 13:35:51.351351350
539,The President of the United States,Enriched Uranium,91,75.03445418035592,2024-07-15 22:21:58.918918918
540,Blockbuster,Fake Promises,18,308.9090547306328,2024-07-16 07:08:06.486486486
541,Blockbuster,Enriched Uranium,70,715.8666626442745,2024-07-16 15:54:14.054054054
542,The President of the United States,Cookies,61,586.5562278114396,2024-07-17 00:40:21.621621620
543,VolksWagen,Fake Promises,43,450.9107211851411,2024-07-17 09:26:29.189189188
544,Grandma's Cookies,Enriched Uranium,65,670.428817421456,2024-07-17 18:12:36.756756756
545,VolksWagen,Cookies,81,166.71769310497476,2024-07-18 02:58:44.324324324
546,VolksWagen,Cookies,92,692.0207818658876,2024-07-18 11:44:51.891891892
547,Grandma's Cookies,Jet Engine,36,51.9776029858674,2024-07-18 20:30:59.459459458
548,The President of the United States,Enriched Uranium,78,379.84958786113623,2024-07-19 05:17:07.027027026
549,Carl,Cookies,28,720.5190657604122,2024-07-19 14:03:14.594594594
550,Blockbuster,Jet Engine,89,593.6086882727708,2024-07-19 22:49:22.162162162
551,Blockbuster,Enriched Uranium,99,529.828754361571,2024-07-20 07:35:29.729729730
552,VolksWagen,Enriched Uranium,20,967.2638897925978,2024-07-20 16:21:37.297297296
553,Grandma's Cookies,Fake Promises,80,640.8287112572748,2024-07-21 01:07:44.864864864
554,VolksWagen,Cookies,66,24.891559342940628,2024-07-21 09:53:52.432432432
555,Carl,Fake Promises,40,261.4979263997581,2024-07-21 18:40:00.000000000
556,Carl,Enriched Uranium,42,242.0822318014786,2024-07-22 03:26:07.567567566
557,VolksWagen,Fake Promises,41,65.49006231253685,2024-07-22 12:12:15.135135134
558,VolksWagen,Cookies,34,32.842600559122474,2024-07-22 20:58:22.702702702
559,Grandma's Cookies,Fake Promises,88,895.3908804344044,2024-07-23 05:44:30.270270270
560,Grandma's Cookies,Enriched Uranium,74,834.0383200229633,2024-07-23 14:30:37.837837838
561,VolksWagen,Jet Engine,96,649.1880129469199,2024-07-23 23:16:45.405405404
562,The President of the United States,Cookies,5,753.5423135090385,2024-07-24 08:02:52.972972972
563,The President of the United States,Dirt,26,581.8808202629327,2024-07-24 16:49:00.540540540
564,Carl,Fake Promises,49,11.726036046516786,2024-07-25 01:35:08.108108108
565,Grandma's Cookies,Enriched Uranium,75,287.9600474598838,2024-07-25 10:21:15.675675676
566,Blockbuster,Jet Engine,90,64.34073981742516,2024-07-25 19:07:23.243243242
567,Carl,Enriched Uranium,63,131.5697396141432,2024-07-26 03:53:30.810810810
568,Carl,Enriched Uranium,95,95.45746727955905,2024-07-26 12:39:38.378378378
569,The President of the United States,Enriched Uranium,23,428.4833270796804,2024-07-26 21:25:45.945945946
570,VolksWagen,Dirt,52,572.1629683849659,2024-07-27 06:11:53.513513512
571,Grandma's Cookies,Cookies,96,79.19058646642529,2024-07-27 14:58:01.081081080
572,Grandma's Cookies,Cookies,82,152.00778204263688,2024-07-27 23:44:08.648648648
573,Carl,Dirt,42,627.2822477135048,2024-07-28 08:30:16.216216216
574,Grandma's Cookies,Jet Engine,35,850.3622394892643,2024-07-28 17:16:23.783783784
575,Carl,Jet Engine,55,93.4188406921288,2024-07-29 02:02:31.351351352
576,Blockbuster,Cookies,23,176.64338411642578,2024-07-29 10:48:38.918918920
577,The President of the United States,Cookies,34,403.86408710254915,2024-07-29 19:34:46.486486484
578,The President of the United States,Enriched Uranium,94,823.4238901400334,2024-07-30 04:20:54.054054052
579,Grandma's Cookies,Dirt,15,961.4278264033852,2024-07-30 13:07:01.621621620
580,The President of the United States,Enriched Uranium,39,502.62437672384965,2024-07-30 21:53:09.189189188
581,The President of the United States,Fake Promises,85,643.2033580369101,2024-07-31 06:39:16.756756756
582,Carl,Enriched Uranium,73,677.974690930855,2024-07-31 15:25:24.324324324
583,The President of the United States,Dirt,42,100.14482437534144,2024-08-01 00:11:31.891891892
584,Blockbuster,Enriched Uranium,30,253.25755502180058,2024-08-01 08:57:39.459459460
585,Blockbuster,Dirt,82,871.9712737316122,2024-08-01 17:43:47.027027028
586,Carl,Cookies,57,72.91131804688355,2024-08-02 02:29:54.594594592
587,VolksWagen,Fake Promises,87,371.3282004392365,2024-08-02 11:16:02.162162160
588,VolksWagen,Fake Promises,90,882.1684641521236,2024-08-02 20:02:09.729729728
589,Grandma's Cookies,Dirt,1,555.527062488843,2024-08-03 04:48:17.297297296
590,VolksWagen,Dirt,86,660.1512898562187,2024-08-03 13:34:24.864864864
591,Blockbuster,Dirt,67,440.0804961966513,2024-08-03 22:20:32.432432432
592,VolksWagen,Jet Engine,66,364.78877453830705,2024-08-04 07:06:40.000000000
593,VolksWagen,Cookies,92,892.8485528457055,2024-08-04 15:52:47.567567568
594,VolksWagen,Cookies,37,52.611305149638184,2024-08-05 00:38:55.135135136
595,Carl,Jet Engine,89,507.2508328592589,2024-08-05 09:25:02.702702704
596,Grandma's Cookies,Dirt,54,517.8195042921391,2024-08-05 18:11:10.270270268
597,Grandma's Cookies,Fake Promises,92,298.56834305167166,2024-08-06 02:57:17.837837836
598,The President of the United States,Enriched Uranium,26,896.586742254771,2024-08-06 11:43:25.405405404
599,The President of the United States,Cookies,79,376.44238818157424,2024-08-06 20:29:32.972972972
600,Carl,Cookies,14,994.2882312435984,2024-08-07 05:15:40.540540540
601,Grandma's Cookies,Fake Promises,56,686.6455233071874,2024-08-07 14:01:48.108108108
602,VolksWagen,Dirt,81,258.1523118358354,2024-08-07 22:47:55.675675676
603,The President of the United States,Fake Promises,12,687.710066622533,2024-08-08 07:34:03.243243244
604,Grandma's Cookies,Cookies,1,761.0645958818965,2024-08-08 16:20:10.810810812
605,Grandma's Cookies,Enriched Uranium,57,608.218589265574,2024-08-09 01:06:18.378378376
606,VolksWagen,Fake Promises,19,737.016766124001,2024-08-09 09:52:25.945945944
607,VolksWagen,Enriched Uranium,91,151.89900151437385,2024-08-09 18:38:33.513513512
608,Blockbuster,Cookies,58,185.2172596478695,2024-08-10 03:24:41.081081080
609,VolksWagen,Fake Promises,22,392.668007899835,2024-08-10 12:10:48.648648648
610,VolksWagen,Dirt,13,742.2890148177878,2024-08-10 20:56:56.216216216
611,VolksWagen,Jet Engine,58,570.3992226525106,2024-08-11 05:43:03.783783784
612,Carl,Enriched Uranium,30,914.7600018436868,2024-08-11 14:29:11.351351352
613,Blockbuster,Cookies,13,48.45327768410868,2024-08-11 23:15:18.918918920
614,The President of the United States,Cookies,42,608.1341846428055,2024-08-12 08:01:26.486486484
615,Blockbuster,Dirt,98,334.2601952597737,2024-08-12 16:47:34.054054052
616,Grandma's Cookies,Enriched Uranium,50,477.6114634901528,2024-08-13 01:33:41.621621620
617,Carl,Fake Promises,48,693.5393020167912,2024-08-13 10:19:49.189189188
618,Blockbuster,Cookies,79,500.23131017690116,2024-08-13 19:05:56.756756756
619,Carl,Dirt,92,371.954436805486,2024-08-14 03:52:04.324324324
620,VolksWagen,Cookies,25,410.5331138978314,2024-08-14 12:38:11.891891892
621,Blockbuster,Dirt,73,609.6948334759575,2024-08-14 21:24:19.459459460
622,VolksWagen,Dirt,42,628.6982621721869,2024-08-15 06:10:27.027027028
623,The President of the United States,Cookies,66,951.9862043697425,2024-08-15 14:56:34.594594592
624,Grandma's Cookies,Enriched Uranium,60,136.30768040118068,2024-08-15 23:42:42.162162160
625,Grandma's Cookies,Jet Engine,38,987.6300182493846,2024-08-16 08:28:49.729729728
626,Blockbuster,Cookies,34,620.2951927532359,2024-08-16 17:14:57.297297296
627,The President of the United States,Jet Engine,36,320.75982106993627,2024-08-17 02:01:04.864864864
628,Carl,Dirt,45,780.2921683701132,2024-08-17 10:47:12.432432432
629,Blockbuster,Cookies,62,576.1928750102766,2024-08-17 19:33:20.000000000
630,Grandma's Cookies,Cookies,92,602.8116317946966,2024-08-18 04:19:27.567567568
631,VolksWagen,Fake Promises,39,146.45414461554563,2024-08-18 13:05:35.135135136
632,Carl,Cookies,70,876.3670579080793,2024-08-18 21:51:42.702702700
633,VolksWagen,Jet Engine,53,397.1680012443507,2024-08-19 06:37:50.270270268
634,VolksWagen,Fake Promises,1,393.41778695576124,2024-08-19 15:23:57.837837836
635,Blockbuster,Jet Engine,17,615.4792754768207,2024-08-20 00:10:05.405405404
636,VolksWagen,Jet Engine,26,468.2064355430755,2024-08-20 08:56:12.972972972
637,Blockbuster,Fake Promises,41,437.7962897695622,2024-08-20 17:42:20.540540540
638,Blockbuster,Jet Engine,36,728.4252196768875,2024-08-21 02:28:28.108108108
639,VolksWagen,Dirt,4,44.98393582801019,2024-08-21 11:14:35.675675676
640,Carl,Enriched Uranium,86,692.3481528794966,2024-08-21 20:00:43.243243244
641,The President of the United States,Enriched Uranium,80,305.71334310895327,2024-08-22 04:46:50.810810812
642,The President of the United States,Enriched Uranium,12,905.1870854027219,2024-08-22 13:32:58.378378376
643,The President of the United States,Jet Engine,26,354.1850484699261,2024-08-22 22:19:05.945945944
644,Carl,Enriched Uranium,99,897.685267622283,2024-08-23 07:05:13.513513512
645,Carl,Cookies,70,641.5649053352391,2024-08-23 15:51:21.081081080
646,Grandma's Cookies,Enriched Uranium,35,267.4386912054869,2024-08-24 00:37:28.648648648
647,VolksWagen,Enriched Uranium,5,467.2758453064506,2024-08-24 09:23:36.216216216
648,The President of the United States,Fake Promises,73,874.9267247619057,2024-08-24 18:09:43.783783784
649,The President of the United States,Dirt,27,470.87712594512357,2024-08-25 02:55:51.351351352
650,Carl,Jet Engine,77,588.3618107265842,2024-08-25 11:41:58.918918920
651,Blockbuster,Fake Promises,37,796.9968754352814,2024-08-25 20:28:06.486486484
652,VolksWagen,Jet Engine,74,486.9216023623344,2024-08-26 05:14:14.054054052
653,Blockbuster,Dirt,77,898.0428194173803,2024-08-26 14:00:21.621621620
654,Blockbuster,Dirt,9,604.000454587406,2024-08-26 22:46:29.189189188
655,Carl,Enriched Uranium,25,746.4103352473875,2024-08-27 07:32:36.756756756
656,Grandma's Cookies,Jet Engine,8,455.5365086963782,2024-08-27 16:18:44.324324324
657,Carl,Fake Promises,14,596.5281164986283,2024-08-28 01:04:51.891891892
658,VolksWagen,Dirt,64,772.8067751808024,2024-08-28 09:50:59.459459460
659,The President of the United States,Cookies,35,581.3080347714939,2024-08-28 18:37:07.027027028
660,The President of the United States,Dirt,24,832.3760945215699,2024-08-29 03:23:14.594594592
661,Carl,Dirt,7,808.0068993808726,2024-08-29 12:09:22.162162160
662,VolksWagen,Jet Engine,44,903.1034391118277,2024-08-29 20:55:29.729729728
663,VolksWagen,Cookies,21,431.73051835286026,2024-08-30 05:41:37.297297296
664,Carl,Fake Promises,28,722.3412764310867,2024-08-30 14:27:44.864864864
665,Grandma's Cookies,Cookies,28,381.81342213923807,2024-08-30 23:13:52.432432432
666,VolksWagen,Cookies,97,346.6579953662304,2024-08-31 08:00:00.000000000
667,VolksWagen,Enriched Uranium,89,638.7034356354822,2024-08-31 16:46:07.567567568
668,The President of the United States,Jet Engine,43,191.5560258943715,2024-09-01 01:32:15.135135136
669,Grandma's Cookies,Jet Engine,96,981.7642614070523,2024-09-01 10:18:22.702702700
670,Carl,Fake Promises,52,593.5329864521898,2024-09-01 19:04:30.270270268
671,Grandma's Cookies,Fake Promises,32,561.2853543938224,2024-09-02 03:50:37.837837836
672,Carl,Dirt,80,450.7831610901447,2024-09-02 12:36:45.405405404
673,Carl,Enriched Uranium,3,675.9567292427482,2024-09-02 21:22:52.972972972
674,Blockbuster,Dirt,76,133.19605523832746,2024-09-03 06:09:00.540540540
675,The President of the United States,Fake Promises,78,42.6981970974788,2024-09-03 14:55:08.108108108
676,Blockbuster,Cookies,60,241.64576881705747,2024-09-03 23:41:15.675675676
677,Blockbuster,Fake Promises,20,405.4740747879283,2024-09-04 08:27:23.243243244
678,VolksWagen,Fake Promises,14,123.88421818004936,2024-09-04 17:13:30.810810812
679,The President of the United States,Dirt,13,624.024202720791,2024-09-05 01:59:38.378378376
680,Carl,Enriched Uranium,78,410.6978191441826,2024-09-05 10:45:45.945945944
681,Carl,Cookies,29,50.40322376248307,2024-09-05 19:31:53.513513512
682,Carl,Jet Engine,83,824.2728194364871,2024-09-06 04:18:01.081081080
683,The President of the United States,Dirt,59,121.48474685872968,2024-09-06 13:04:08.648648648
684,The President of the United States,Jet Engine,45,803.7408912235949,2024-09-06 21:50:16.216216216
685,VolksWagen,Dirt,72,181.1336821265419,2024-09-07 06:36:23.783783784
686,Blockbuster,Enriched Uranium,76,282.832540566867,2024-09-07 15:22:31.351351352
687,Carl,Jet Engine,89,489.3165242511461,2024-09-08 00:08:38.918918920
688,Grandma's Cookies,Fake Promises,78,601.118813680319,2024-09-08 08:54:46.486486484
689,Blockbuster,Jet Engine,52,742.7690379297161,2024-09-08 17:40:54.054054052
690,The President of the United States,Jet Engine,14,700.1249061109326,2024-09-09 02:27:01.621621620
691,Blockbuster,Enriched Uranium,55,326.5838666247658,2024-09-09 11:13:09.189189188
692,Grandma's Cookies,Cookies,99,813.7248459208259,2024-09-09 19:59:16.756756756
693,Grandma's Cookies,Enriched Uranium,21,541.7332679650804,2024-09-10 04:45:24.324324324
694,Blockbuster,Cookies,44,986.8675595336642,2024-09-10 13:31:31.891891892
695,VolksWagen,Dirt,22,8.157067732075918,2024-09-10 22:17:39.459459460
696,The President of the United States,Cookies,13,230.58685163729598,2024-09-11 07:03:47.027027028
697,Blockbuster,Fake Promises,3,648.1070011390628,2024-09-11 15:49:54.594594592
698,Blockbuster,Dirt,0,179.8586796512419,2024-09-12 00:36:02.162162160
699,The President of the United States,Cookies,55,558.3673977706824,2024-09-12 09:22:09.729729728
700,Carl,Cookies,94,284.3962434408519,2024-09-12 18:08:17.297297296
701,Blockbuster,Jet Engine,66,902.3262366933258,2024-09-13 02:54:24.864864864
702,Blockbuster,Fake Promises,27,722.4655986294623,2024-09-13 11:40:32.432432432
703,Blockbuster,Dirt,5,962.3008149797992,2024-09-13 20:26:40.000000000
704,Carl,Cookies,76,463.29716489786546,2024-09-14 05:12:47.567567568
705,Blockbuster,Fake Promises,23,661.8703688401422,2024-09-14 13:58:55.135135136
706,Blockbuster,Dirt,92,451.9118251644997,2024-09-14 22:45:02.702702700
707,Blockbuster,Jet Engine,13,877.1508132467603,2024-09-15 07:31:10.270270268
708,Grandma's Cookies,Enriched Uranium,35,952.4216854621209,2024-09-15 16:17:17.837837836
709,Blockbuster,Cookies,17,100.25477870042432,2024-09-16 01:03:25.405405404
710,Carl,Fake Promises,37,287.7926948672647,2024-09-16 09:49:32.972972972
711,Grandma's Cookies,Dirt,39,861.8955600059344,2024-09-16 18:35:40.540540540
712,Carl,Cookies,83,543.0111285899433,2024-09-17 03:21:48.108108108
713,The President of the United States,Dirt,47,874.0941354404376,2024-09-17 12:07:55.675675676
714,Grandma's Cookies,Fake Promises,71,432.8395196685727,2024-09-17 20:54:03.243243244
715,The President of the United States,Jet Engine,25,49.461493506207546,2024-09-18 05:40:10.810810808
716,Grandma's Cookies,Enriched Uranium,42,864.300425928062,2024-09-18 14:26:18.378378376
717,Blockbuster,Enriched Uranium,52,75.7122560815645,2024-09-18 23:12:25.945945944
718,VolksWagen,Dirt,16,598.481237348482,2024-09-19 07:58:33.513513512
719,Grandma's Cookies,Jet Engine,4,738.4342586437346,2024-09-19 16:44:41.081081080
720,Grandma's Cookies,Fake Promises,96,15.68749875620934,2024-09-20 01:30:48.648648648
721,Blockbuster,Cookies,96,374.89623479138714,2024-09-20 10:16:56.216216216
722,The President of the United States,Enriched Uranium,91,385.0813399172206,2024-09-20 19:03:03.783783784
723,Grandma's Cookies,Cookies,60,578.1006091146753,2024-09-21 03:49:11.351351352
724,Grandma's Cookies,Jet Engine,30,760.2636306626731,2024-09-21 12:35:18.918918920
725,Grandma's Cookies,Dirt,97,359.01354684125806,2024-09-21 21:21:26.486486484
726,Grandma's Cookies,Enriched Uranium,90,465.83773727528956,2024-09-22 06:07:34.054054052
727,Carl,Enriched Uranium,65,205.24131215596964,2024-09-22 14:53:41.621621620
728,VolksWagen,Jet Engine,88,169.55368136107052,2024-09-22 23:39:49.189189188
729,Grandma's Cookies,Dirt,55,314.0655329402706,2024-09-23 08:25:56.756756756
730,Grandma's Cookies,Fake Promises,96,844.4807554023641,2024-09-23 17:12:04.324324324
731,Blockbuster,Jet Engine,20,148.33213173392923,2024-09-24 01:58:11.891891892
732,Blockbuster,Fake Promises,28,212.41622438185092,2024-09-24 10:44:19.459459460
733,Grandma's Cookies,Cookies,94,982.6466939335792,2024-09-24 19:30:27.027027028
734,VolksWagen,Cookies,26,306.31528159984566,2024-09-25 04:16:34.594594592
735,The President of the United States,Enriched Uranium,79,27.033309563103792,2024-09-25 13:02:42.162162160
736,Carl,Jet Engine,52,97.74853803735716,2024-09-25 21:48:49.729729728
737,Carl,Enriched Uranium,69,598.6529816493146,2024-09-26 06:34:57.297297296
738,VolksWagen,Jet Engine,35,206.814786043492,2024-09-26 15:21:04.864864864
739,Grandma's Cookies,Cookies,76,135.8924648785964,2024-09-27 00:07:12.432432432
740,VolksWagen,Fake Promises,79,540.0240534974863,2024-09-27 08:53:20.000000000
741,Blockbuster,Dirt,38,23.789078896719552,2024-09-27 17:39:27.567567568
742,VolksWagen,Cookies,37,923.1218648086046,2024-09-28 02:25:35.135135136
743,The President of the United States,Dirt,66,868.2971641833284,2024-09-28 11:11:42.702702700
744,The President of the United States,Dirt,35,992.8926455837882,2024-09-28 19:57:50.270270268
745,Carl,Enriched Uranium,4,892.9998011772701,2024-09-29 04:43:57.837837836
746,Blockbuster,Fake Promises,77,964.2845626955797,2024-09-29 13:30:05.405405404
747,VolksWagen,Cookies,62,762.896002643767,2024-09-29 22:16:12.972972972
748,The President of the United States,Fake Promises,22,743.8150456480512,2024-09-30 07:02:20.540540540
749,VolksWagen,Enriched Uranium,71,284.1784578350687,2024-09-30 15:48:28.108108108
750,VolksWagen,Jet Engine,69,864.9018062623255,2024-10-01 00:34:35.675675676
751,The President of the United States,Dirt,67,654.8808806227589,2024-10-01 09:20:43.243243244
752,Blockbuster,Jet Engine,17,452.766675196843,2024-10-01 18:06:50.810810808
753,VolksWagen,Enriched Uranium,87,732.9385852736281,2024-10-02 02:52:58.378378376
754,VolksWagen,Jet Engine,48,705.4500443858733,2024-10-02 11:39:05.945945944
755,Grandma's Cookies,Jet Engine,41,446.17986818656476,2024-10-02 20:25:13.513513512
756,VolksWagen,Fake Promises,53,275.12510351475925,2024-10-03 05:11:21.081081080
757,Carl,Cookies,52,542.6818049903811,2024-10-03 13:57:28.648648648
758,Carl,Enriched Uranium,0,49.340579467143655,2024-10-03 22:43:36.216216216
759,Blockbuster,Jet Engine,98,211.56256725518352,2024-10-04 07:29:43.783783784
760,Grandma's Cookies,Jet Engine,44,519.0359367202079,2024-10-04 16:15:51.351351352
761,The President of the United States,Fake Promises,21,530.8814035153271,2024-10-05 01:01:58.918918920
762,Grandma's Cookies,Dirt,44,501.75600558502134,2024-10-05 09:48:06.486486484
763,Grandma's Cookies,Cookies,86,783.6573986572566,2024-10-05 18:34:14.054054052
764,The President of the United States,Jet Engine,58,252.12999120597433,2024-10-06 03:20:21.621621620
765,VolksWagen,Dirt,24,628.7226625447444,2024-10-06 12:06:29.189189188
766,Grandma's Cookies,Enriched Uranium,40,115.53728152578225,2024-10-06 20:52:36.756756756
767,Blockbuster,Cookies,93,676.2500432483539,2024-10-07 05:38:44.324324324
768,VolksWagen,Jet Engine,82,456.3551014275874,2024-10-07 14:24:51.891891892
769,VolksWagen,Enriched Uranium,44,827.8295315096002,2024-10-07 23:10:59.459459460
770,VolksWagen,Jet Engine,7,502.9695641263715,2024-10-08 07:57:07.027027028
771,Blockbuster,Jet Engine,78,271.51325858988196,2024-10-08 16:43:14.594594592
772,VolksWagen,Enriched Uranium,79,173.60525453854902,2024-10-09 01:29:22.162162160
773,The President of the United States,Fake Promises,80,837.071475589679,2024-10-09 10:15:29.729729728
774,VolksWagen,Dirt,93,898.1776848119408,2024-10-09 19:01:37.297297296
775,Carl,Jet Engine,66,562.8300224363539,2024-10-10 03:47:44.864864864
776,Grandma's Cookies,Enriched Uranium,87,471.33077055865056,2024-10-10 12:33:52.432432432
777,Grandma's Cookies,Cookies,65,418.21131054600346,2024-10-10 21:20:00.000000000
778,Carl,Fake Promises,87,870.2457893067912,2024-10-11 06:06:07.567567568
779,Carl,Dirt,62,898.80251843362,2024-10-11 14:52:15.135135136
780,Blockbuster,Dirt,78,324.45415178751193,2024-10-11 23:38:22.702702700
781,Carl,Jet Engine,52,572.6972113404787,2024-10-12 08:24:30.270270268
782,VolksWagen,Enriched Uranium,50,601.3882561001863,2024-10-12 17:10:37.837837836
783,VolksWagen,Jet Engine,81,279.66163805785914,2024-10-13 01:56:45.405405404
784,VolksWagen,Fake Promises,55,623.2946049604045,2024-10-13 10:42:52.972972972
785,Blockbuster,Jet Engine,82,375.3000179597585,2024-10-13 19:29:00.540540540
786,The President of the United States,Jet Engine,62,131.2107047154828,2024-10-14 04:15:08.108108108
787,VolksWagen,Fake Promises,81,684.2934044380165,2024-10-14 13:01:15.675675676
788,VolksWagen,Cookies,64,908.2236995616264,2024-10-14 21:47:23.243243244
789,Grandma's Cookies,Jet Engine,69,149.25653635769342,2024-10-15 06:33:30.810810808
790,Grandma's Cookies,Jet Engine,99,74.64955579828603,2024-10-15 15:19:38.378378376
791,The President of the United States,Jet Engine,39,933.060241779731,2024-10-16 00:05:45.945945944
792,Carl,Fake Promises,94,789.4104078219948,2024-10-16 08:51:53.513513512
793,Carl,Fake Promises,49,488.41595900966485,2024-10-16 17:38:01.081081080
794,Carl,Fake Promises,40,700.0237662687069,2024-10-17 02:24:08.648648648
795,The President of the United States,Fake Promises,90,423.8951241012321,2024-10-17 11:10:16.216216216
796,The President of the United States,Fake Promises,41,270.0910905583896,2024-10-17 19:56:23.783783784
797,Blockbuster,Fake Promises,61,145.23081632040635,2024-10-18 04:42:31.351351352
798,Grandma's Cookies,Cookies,77,484.05981578777704,2024-10-18 13:28:38.918918916
799,Blockbuster,Jet Engine,53,661.6651186209313,2024-10-18 22:14:46.486486484
800,VolksWagen,Dirt,66,389.6380608077844,2024-10-19 07:00:54.054054052
801,Grandma's Cookies,Enriched Uranium,18,677.4947189741843,2024-10-19 15:47:01.621621620
802,VolksWagen,Enriched Uranium,88,767.1836176355338,2024-10-20 00:33:09.189189188
803,Grandma's Cookies,Jet Engine,8,44.989065164908084,2024-10-20 09:19:16.756756756
804,VolksWagen,Dirt,61,257.33925127394207,2024-10-20 18:05:24.324324324
805,Grandma's Cookies,Dirt,81,528.7594655416541,2024-10-21 02:51:31.891891892
806,The President of the United States,Jet Engine,96,128.69432585109953,2024-10-21 11:37:39.459459460
807,VolksWagen,Cookies,78,638.2194142942183,2024-10-21 20:23:47.027027028
808,Carl,Cookies,13,885.6282795487903,2024-10-22 05:09:54.594594592
809,The President of the United States,Dirt,51,873.9095445177541,2024-10-22 13:56:02.162162160
810,Grandma's Cookies,Dirt,45,700.7120079864416,2024-10-22 22:42:09.729729728
811,Blockbuster,Cookies,22,437.33852419786257,2024-10-23 07:28:17.297297296
812,Blockbuster,Fake Promises,86,541.8823151494995,2024-10-23 16:14:24.864864864
813,Blockbuster,Cookies,21,266.4113409722674,2024-10-24 01:00:32.432432432
814,Blockbuster,Fake Promises,60,306.2401396061165,2024-10-24 09:46:40.000000000
815,Grandma's Cookies,Dirt,62,398.41971389424145,2024-10-24 18:32:47.567567568
816,VolksWagen,Jet Engine,65,550.3395000569333,2024-10-25 03:18:55.135135136
817,Carl,Cookies,61,37.30609563865339,2024-10-25 12:05:02.702702700
818,Blockbuster,Dirt,89,37.23237756937292,2024-10-25 20:51:10.270270268
819,Grandma's Cookies,Fake Promises,66,647.1058673163177,2024-10-26 05:37:17.837837836
820,The President of the United States,Enriched Uranium,86,292.69377701173715,2024-10-26 14:23:25.405405404
821,VolksWagen,Fake Promises,49,123.20191203293996,2024-10-26 23:09:32.972972972
822,Carl,Enriched Uranium,79,465.55622412485275,2024-10-27 07:55:40.540540540
823,Grandma's Cookies,Cookies,38,565.9423625928383,2024-10-27 16:41:48.108108108
824,Blockbuster,Cookies,95,974.8930813786752,2024-10-28 01:27:55.675675676
825,Carl,Enriched Uranium,3,839.7998397040011,2024-10-28 10:14:03.243243244
826,The President of the United States,Fake Promises,38,36.13816386543023,2024-10-28 19:00:10.810810808
827,Carl,Dirt,65,8.566526817310294,2024-10-29 03:46:18.378378376
828,Carl,Dirt,25,635.8905766418013,2024-10-29 12:32:25.945945944
829,VolksWagen,Dirt,60,341.5607074444842,2024-10-29 21:18:33.513513512
830,Blockbuster,Jet Engine,20,357.9772214006376,2024-10-30 06:04:41.081081080
831,The President of the United States,Jet Engine,20,492.5802246922332,2024-10-30 14:50:48.648648648
832,The President of the United States,Cookies,97,667.5885605161684,2024-10-30 23:36:56.216216216
833,Carl,Enriched Uranium,43,153.18641720591398,2024-10-31 08:23:03.783783784
834,Grandma's Cookies,Cookies,67,148.14366890106757,2024-10-31 17:09:11.351351352
835,Grandma's Cookies,Dirt,43,310.55847936208625,2024-11-01 01:55:18.918918916
836,Grandma's Cookies,Enriched Uranium,16,37.21898947107061,2024-11-01 10:41:26.486486484
837,Carl,Fake Promises,70,321.9984116091583,2024-11-01 19:27:34.054054052
838,VolksWagen,Enriched Uranium,16,579.2718178419578,2024-11-02 04:13:41.621621620
839,Carl,Jet Engine,13,765.0825953215082,2024-11-02 12:59:49.189189188
840,Carl,Enriched Uranium,85,438.5831526157463,2024-11-02 21:45:56.756756756
841,The President of the United States,Dirt,36,937.8627197706422,2024-11-03 06:32:04.324324324
842,VolksWagen,Jet Engine,6,71.53016840812366,2024-11-03 15:18:11.891891892
843,VolksWagen,Cookies,21,771.3977169601321,2024-11-04 00:04:19.459459460
844,Grandma's Cookies,Fake Promises,90,658.0851039854269,2024-11-04 08:50:27.027027028
845,The President of the United States,Enriched Uranium,47,390.14581676757,2024-11-04 17:36:34.594594592
846,Blockbuster,Jet Engine,75,428.4156863581742,2024-11-05 02:22:42.162162160
847,Carl,Cookies,18,593.5609388915989,2024-11-05 11:08:49.729729728
848,The President of the United States,Cookies,64,277.65482224110883,2024-11-05 19:54:57.297297296
849,Grandma's Cookies,Jet Engine,11,116.31641899473999,2024-11-06 04:41:04.864864864
850,Carl,Fake Promises,50,521.9865494771894,2024-11-06 13:27:12.432432432
851,The President of the United States,Enriched Uranium,76,293.91163513484787,2024-11-06 22:13:20.000000000
852,Grandma's Cookies,Enriched Uranium,89,162.8300746297463,2024-11-07 06:59:27.567567568
853,Grandma's Cookies,Fake Promises,77,871.8639766047868,2024-11-07 15:45:35.135135136
854,VolksWagen,Jet Engine,74,587.2918367928797,2024-11-08 00:31:42.702702700
855,Blockbuster,Jet Engine,12,484.9920199741707,2024-11-08 09:17:50.270270268
856,Grandma's Cookies,Jet Engine,45,86.96292679249773,2024-11-08 18:03:57.837837836
857,Grandma's Cookies,Dirt,50,879.376021786829,2024-11-09 02:50:05.405405404
858,Blockbuster,Fake Promises,35,628.5699396018508,2024-11-09 11:36:12.972972972
859,The President of the United States,Cookies,75,972.7079815146035,2024-11-09 20:22:20.540540540
860,Blockbuster,Jet Engine,13,586.7060004876038,2024-11-10 05:08:28.108108108
861,The President of the United States,Dirt,27,806.4340392476249,2024-11-10 13:54:35.675675676
862,Carl,Enriched Uranium,24,259.46257066692357,2024-11-10 22:40:43.243243244
863,VolksWagen,Enriched Uranium,96,528.8921217548352,2024-11-11 07:26:50.810810808
864,Grandma's Cookies,Fake Promises,7,953.8960923186139,2024-11-11 16:12:58.378378376
865,VolksWagen,Jet Engine,59,819.5701025174241,2024-11-12 00:59:05.945945944
866,Carl,Enriched Uranium,28,637.6035790823886,2024-11-12 09:45:13.513513512
867,Carl,Fake Promises,66,587.8031638295444,2024-11-12 18:31:21.081081080
868,Blockbuster,Dirt,88,548.9867304442155,2024-11-13 03:17:28.648648648
869,Grandma's Cookies,Fake Promises,81,714.2909516115686,2024-11-13 12:03:36.216216216
870,Grandma's Cookies,Jet Engine,27,692.8037289173619,2024-11-13 20:49:43.783783784
871,Grandma's Cookies,Dirt,46,518.8379631251378,2024-11-14 05:35:51.351351352
872,Blockbuster,Enriched Uranium,79,848.0458454573275,2024-11-14 14:21:58.918918916
873,Grandma's Cookies,Dirt,6,228.62930013065318,2024-11-14 23:08:06.486486484
874,Carl,Cookies,5,367.54229672924174,2024-11-15 07:54:14.054054052
875,Blockbuster,Jet Engine,29,546.8606837621411,2024-11-15 16:40:21.621621620
876,Carl,Cookies,75,280.0809784039734,2024-11-16 01:26:29.189189188
877,Carl,Jet Engine,6,668.8255024145041,2024-11-16 10:12:36.756756756
878,Blockbuster,Enriched Uranium,66,717.1529511726958,2024-11-16 18:58:44.324324324
879,The President of the United States,Dirt,43,611.8724789970177,2024-11-17 03:44:51.891891892
880,Blockbuster,Dirt,50,809.3927104232398,2024-11-17 12:30:59.459459460
881,Carl,Cookies,0,122.87356463340072,2024-11-17 21:17:07.027027028
882,Blockbuster,Dirt,50,529.1515640274753,2024-11-18 06:03:14.594594592
883,Carl,Enriched Uranium,43,766.8802122490982,2024-11-18 14:49:22.162162160
884,The President of the United States,Dirt,72,702.4340266599834,2024-11-18 23:35:29.729729728
885,VolksWagen,Dirt,8,798.0778586663832,2024-11-19 08:21:37.297297296
886,The President of the United States,Dirt,97,491.65324956390134,2024-11-19 17:07:44.864864864
887,Blockbuster,Enriched Uranium,82,242.68961956999314,2024-11-20 01:53:52.432432432
888,Carl,Cookies,0,764.1455764368459,2024-11-20 10:40:00.000000000
889,Carl,Enriched Uranium,54,393.6060391160725,2024-11-20 19:26:07.567567568
890,Blockbuster,Fake Promises,83,286.91412563505924,2024-11-21 04:12:15.135135136
891,The President of the United States,Cookies,70,812.9374012096284,2024-11-21 12:58:22.702702700
892,VolksWagen,Dirt,13,160.57808837953368,2024-11-21 21:44:30.270270268
893,The President of the United States,Cookies,8,551.2431289026472,2024-11-22 06:30:37.837837836
894,Blockbuster,Dirt,73,909.1816859301671,2024-11-22 15:16:45.405405404
895,Carl,Fake Promises,34,604.0054495065359,2024-11-23 00:02:52.972972972
896,The President of the United States,Dirt,58,284.19805072925874,2024-11-23 08:49:00.540540540
897,Carl,Fake Promises,35,804.2537313617702,2024-11-23 17:35:08.108108108
898,VolksWagen,Enriched Uranium,49,374.90038541568026,2024-11-24 02:21:15.675675676
899,Carl,Cookies,29,939.9547544072644,2024-11-24 11:07:23.243243244
900,VolksWagen,Jet Engine,42,903.4980806172023,2024-11-24 19:53:30.810810808
901,Carl,Jet Engine,61,205.83445731331028,2024-11-25 04:39:38.378378376
902,Blockbuster,Cookies,77,51.018369028807406,2024-11-25 13:25:45.945945944
903,The President of the United States,Dirt,40,972.7709286846447,2024-11-25 22:11:53.513513512
904,VolksWagen,Enriched Uranium,87,626.8275778839906,2024-11-26 06:58:01.081081080
905,VolksWagen,Cookies,12,444.8862879093155,2024-11-26 15:44:08.648648648
906,Blockbuster,Jet Engine,71,496.3360985585087,2024-11-27 00:30:16.216216216
907,Blockbuster,Enriched Uranium,56,889.6197433535044,2024-11-27 09:16:23.783783784
908,Carl,Enriched Uranium,32,513.463462423272,2024-11-27 18:02:31.351351352
909,The President of the United States,Jet Engine,9,854.325128351424,2024-11-28 02:48:38.918918916
910,Blockbuster,Jet Engine,38,783.8529651455962,2024-11-28 11:34:46.486486484
911,Carl,Dirt,13,696.3180210492649,2024-11-28 20:20:54.054054052
912,Carl,Jet Engine,25,337.1227315402141,2024-11-29 05:07:01.621621620
913,Carl,Cookies,90,574.3136080277561,2024-11-29 13:53:09.189189188
914,The President of the United States,Dirt,27,617.1018768398407,2024-11-29 22:39:16.756756756
915,VolksWagen,Enriched Uranium,22,2.8035825728373043,2024-11-30 07:25:24.324324324
916,VolksWagen,Fake Promises,50,293.0039636884697,2024-11-30 16:11:31.891891892
917,Carl,Enriched Uranium,61,603.1219425463443,2024-12-01 00:57:39.459459460
918,Blockbuster,Enriched Uranium,6,175.4529805231081,2024-12-01 09:43:47.027027024
919,VolksWagen,Fake Promises,37,804.2950611148874,2024-12-01 18:29:54.594594592
920,Grandma's Cookies,Fake Promises,19,469.5830165117754,2024-12-02 03:16:02.162162160
921,Grandma's Cookies,Jet Engine,56,87.46302998506994,2024-12-02 12:02:09.729729728
922,Carl,Cookies,58,551.7678344190529,2024-12-02 20:48:17.297297296
923,The President of the United States,Dirt,99,866.5592552478025,2024-12-03 05:34:24.864864864
924,Carl,Fake Promises,20,167.40047831615433,2024-12-03 14:20:32.432432432
925,VolksWagen,Enriched Uranium,90,997.8809919727714,2024-12-03 23:06:40.000000000
926,Carl,Enriched Uranium,54,419.75683472852467,2024-12-04 07:52:47.567567568
927,The President of the United States,Jet Engine,36,232.79983601928166,2024-12-04 16:38:55.135135136
928,Carl,Dirt,56,210.89090572594904,2024-12-05 01:25:02.702702700
929,The President of the United States,Enriched Uranium,89,255.36631722403723,2024-12-05 10:11:10.270270268
930,Carl,Jet Engine,53,545.6138493111496,2024-12-05 18:57:17.837837836
931,VolksWagen,Dirt,46,562.2148594066595,2024-12-06 03:43:25.405405404
932,Blockbuster,Cookies,62,643.7732160252357,2024-12-06 12:29:32.972972972
933,Blockbuster,Fake Promises,50,926.0173849386412,2024-12-06 21:15:40.540540540
934,Carl,Jet Engine,12,910.6681428656301,2024-12-07 06:01:48.108108108
935,Grandma's Cookies,Enriched Uranium,24,17.425261791725767,2024-12-07 14:47:55.675675676
936,Grandma's Cookies,Fake Promises,60,800.2613019739888,2024-12-07 23:34:03.243243244
937,VolksWagen,Jet Engine,60,529.6634686298102,2024-12-08 08:20:10.810810808
938,Blockbuster,Enriched Uranium,4,190.79214063637028,2024-12-08 17:06:18.378378376
939,Blockbuster,Fake Promises,29,644.7902001682784,2024-12-09 01:52:25.945945944
940,Grandma's Cookies,Cookies,0,14.29054545006958,2024-12-09 10:38:33.513513512
941,Grandma's Cookies,Cookies,21,887.1362400842178,2024-12-09 19:24:41.081081080
942,The President of the United States,Cookies,61,376.27288212152087,2024-12-10 04:10:48.648648648
943,The President of the United States,Enriched Uranium,48,587.1444076016205,2024-12-10 12:56:56.216216216
944,Grandma's Cookies,Fake Promises,33,674.1869252872264,2024-12-10 21:43:03.783783784
945,Grandma's Cookies,Enriched Uranium,20,184.07070533096848,2024-12-11 06:29:11.351351352
946,Grandma's Cookies,Fake Promises,76,442.1216165219908,2024-12-11 15:15:18.918918916
947,Blockbuster,Fake Promises,22,738.7569248482943,2024-12-12 00:01:26.486486484
948,VolksWagen,Dirt,22,756.5495469015768,2024-12-12 08:47:34.054054052
949,VolksWagen,Enriched Uranium,60,843.4289212330774,2024-12-12 17:33:41.621621620
950,The President of the United States,Jet Engine,11,240.1505480093028,2024-12-13 02:19:49.189189188
951,Blockbuster,Jet Engine,72,633.83989531781,2024-12-13 11:05:56.756756756
952,VolksWagen,Fake Promises,33,606.287105489139,2024-12-13 19:52:04.324324324
953,Blockbuster,Dirt,7,595.2921673581395,2024-12-14 04:38:11.891891892
954,Blockbuster,Enriched Uranium,27,402.9891381295131,2024-12-14 13:24:19.459459460
955,Grandma's Cookies,Enriched Uranium,99,206.53758693273528,2024-12-14 22:10:27.027027024
956,The President of the United States,Enriched Uranium,8,403.63444843912976,2024-12-15 06:56:34.594594592
957,The President of the United States,Cookies,22,530.9192890960535,2024-12-15 15:42:42.162162160
958,Grandma's Cookies,Dirt,72,969.9510836839866,2024-12-16 00:28:49.729729728
959,Carl,Cookies,9,697.3938569369075,2024-12-16 09:14:57.297297296
960,VolksWagen,Jet Engine,30,960.287439556443,2024-12-16 18:01:04.864864864
961,Blockbuster,Dirt,91,29.568884202146318,2024-12-17 02:47:12.432432432
962,Carl,Dirt,5,814.1024158183287,2024-12-17 11:33:20.000000000
963,Carl,Fake Promises,41,1.0778091811703971,2024-12-17 20:19:27.567567568
964,The President of the United States,Cookies,54,86.09868728119375,2024-12-18 05:05:35.135135136
965,VolksWagen,Enriched Uranium,85,906.8021631899477,2024-12-18 13:51:42.702702700
966,Blockbuster,Jet Engine,59,682.3452202501086,2024-12-18 22:37:50.270270268
967,The President of the United States,Cookies,41,759.2852915133109,2024-12-19 07:23:57.837837836
968,Blockbuster,Fake Promises,74,152.9282302278716,2024-12-19 16:10:05.405405404
969,VolksWagen,Cookies,25,363.82503963316435,2024-12-20 00:56:12.972972972
970,Grandma's Cookies,Dirt,36,207.82002702864966,2024-12-20 09:42:20.540540540
971,Blockbuster,Dirt,27,629.1177021978899,2024-12-20 18:28:28.108108108
972,VolksWagen,Jet Engine,66,898.458048873085,2024-12-21 03:14:35.675675676
973,Grandma's Cookies,Dirt,6,43.55858592300499,2024-12-21 12:00:43.243243244
974,Blockbuster,Jet Engine,71,269.4404491253497,2024-12-21 20:46:50.810810808
975,Blockbuster,Cookies,36,225.2170063726301,2024-12-22 05:32:58.378378376
976,Carl,Enriched Uranium,30,8.201215722568932,2024-12-22 14:19:05.945945944
977,Blockbuster,Jet Engine,66,367.2951095361434,2024-12-22 23:05:13.513513512
978,VolksWagen,Fake Promises,21,461.7645928945825,2024-12-23 07:51:21.081081080
979,The President of the United States,Jet Engine,38,250.14254652273803,2024-12-23 16:37:28.648648648
980,Carl,Jet Engine,35,455.3725321686132,2024-12-24 01:23:36.216216216
981,Grandma's Cookies,Dirt,82,351.24763905907287,2024-12-24 10:09:43.783783784
982,Carl,Cookies,37,123.67531972572077,2024-12-24 18:55:51.351351352
983,VolksWagen,Cookies,25,468.3606173980713,2024-12-25 03:41:58.918918916
984,Blockbuster,Jet Engine,86,409.20934612588957,2024-12-25 12:28:06.486486484
985,VolksWagen,Fake Promises,2,415.0593302045995,2024-12-25 21:14:14.054054052
986,The President of the United States,Jet Engine,25,696.6817616914101,2024-12-26 06:00:21.621621620
987,Grandma's Cookies,Dirt,27,256.6641789001711,2024-12-26 14:46:29.189189188
988,The President of the United States,Cookies,29,450.49181837964136,2024-12-26 23:32:36.756756756
989,Blockbuster,Jet Engine,4,931.1334297437174,2024-12-27 08:18:44.324324324
990,Grandma's Cookies,Cookies,14,403.96032968619033,2024-12-27 17:04:51.891891892
991,The President of the United States,Jet Engine,98,475.9677597498686,2024-12-28 01:50:59.459459460
992,VolksWagen,Enriched Uranium,29,930.1082536539046,2024-12-28 10:37:07.027027024
993,Grandma's Cookies,Dirt,42,315.10739900536436,2024-12-28 19:23:14.594594592
994,Blockbuster,Jet Engine,19,84.62242174729128,2024-12-29 04:09:22.162162160
995,Grandma's Cookies,Fake Promises,5,793.9320828767023,2024-12-29 12:55:29.729729728
996,VolksWagen,Dirt,93,38.986878405384395,2024-12-29 21:41:37.297297296
997,Blockbuster,Dirt,50,381.02575093095027,2024-12-30 06:27:44.864864864
998,Grandma's Cookies,Jet Engine,92,914.3964145121375,2024-12-30 15:13:52.432432432
999,The President of the United States,Cookies,86,788.1420980797589,2024-12-31 00:00:00.000000000
